name,latitude,longitude,num_reviews,description,small_photo,thumbnail_photo,original_photo,large_photo,medium_photo,hours,website,phone,email,address,offers,urgency_tag
Tower of London,51.508026,-0.076073,67719,"The Tower of London is one of the top sights to see in the city right in front of the majestic Tower Bridge. This historic castle with over 1,000 years of history is home to the Crown Jewels, the iconic 'Beefeater' Yeoman Warders, and the legendary ravens that have kept the kingdom from collapsing. Inside the White Tower, the oldest building of the castle, is an 11th-century chapel and historic Royal Armouries collections.

You can explore the castle and exhibits on your own, but a guided tour can help you navigate this popular attraction most efficiently. The Tower of London is also included in many tourist passes and combined attraction packages.",https://media-cdn.tripadvisor.com/media/photo-l/0d/af/70/3c/the-white-tower-the-norman.jpg,https://media-cdn.tripadvisor.com/media/photo-t/0d/af/70/3c/the-white-tower-the-norman.jpg,https://media-cdn.tripadvisor.com/media/photo-o/0d/af/70/3c/the-white-tower-the-norman.jpg,https://media-cdn.tripadvisor.com/media/photo-p/0d/af/70/3c/the-white-tower-the-norman.jpg,https://media-cdn.tripadvisor.com/media/photo-s/0d/af/70/3c/the-white-tower-the-norman.jpg,"[[{'open_time': 600, 'close_time': 1050}], [{'open_time': 600, 'close_time': 1050}], [{'open_time': 540, 'close_time': 1050}], [{'open_time': 540, 'close_time': 1050}], [{'open_time': 540, 'close_time': 1050}], [{'open_time': 540, 'close_time': 1050}], [{'open_time': 540, 'close_time': 1050}]]",http://www.hrp.org.uk/tower-of-london/#gs.imzFnKo/,+44 333 320 6000,info@hrp.org.uk,London EC3N 4AB England,"[{'title': 'Early Access Tower of London Tour with Opening Ceremony & Cruise', 'price': '$128.46', 'url': 'https://www.tripadvisor.com/Commerce?url=https%3A%2F%2Fwww.viator.com%2Ftours%2FLondon%2FEarly-Access-Crown-JewelsComplete-Tour-of-Tower-of-London-with-Opening-Ceremony%2Fd737-62043P10%3Feap%3Dmobile-app-11383%26aid%3Dtripenandr&partnerKey=1&urlKey=19502390e1e6f7978&logme=true&uidparam=refid&attrc=true&Provider=Viator&area=viator_multi&slot=1&cnt=1&geo=187547&clt=TM&from=api&nt=true'}, {'title': 'Tower of London, Changing of the Guard Tour and Thames Cruise', 'price': '$148.23', 'url': 'https://www.tripadvisor.com/Commerce?url=https%3A%2F%2Fwww.viator.com%2Ftours%2FLondon%2FLondon-Full-Day-Sightseeing-Tour%2Fd737-2452L02%3Feap%3Dmobile-app-11383%26aid%3Dtripenandr&partnerKey=1&urlKey=5b85ae68b3af8403e&logme=true&uidparam=refid&attrc=true&Provider=Viator&area=viator_multi&slot=2&cnt=1&geo=187547&clt=TM&from=api&nt=true'}, {'title': 'London Big Bus Hop-On Hop-Off Tour with River Cruise', 'price': '$50.03', 'url': 'https://www.tripadvisor.com/Commerce?url=https%3A%2F%2Fwww.viator.com%2Ftours%2FLondon%2FBig-Bus-London-Hop-On-Hop-Off-Tour%2Fd737-6506LONHOHO%3Feap%3Dmobile-app-11383%26aid%3Dtripenandr&partnerKey=1&urlKey=4a443e4657bb7b8c9&logme=true&uidparam=refid&attrc=true&Provider=Viator&area=viator_multi&slot=3&cnt=1&geo=187547&clt=TM&from=api&nt=true'}, {'title': 'The London Pass®: Unlimited access to 85+ top attractions', 'price': '$103.76', 'url': 'https://www.tripadvisor.com/Commerce?url=https%3A%2F%2Fwww.viator.com%2Ftours%2FLondon%2FLondon-Pass%2Fd737-3138LONDON%3Feap%3Dmobile-app-11383%26aid%3Dtripenandr&partnerKey=1&urlKey=fd6d987ffedf5426b&logme=true&uidparam=refid&attrc=true&Provider=Viator&area=viator_multi&slot=4&cnt=1&geo=187547&clt=TM&from=api&nt=true'}, {'title': 'London in One Day with Tower of London and London Eye Upgrade', 'price': '$142.05', 'url': 'https://www.tripadvisor.com/Commerce?url=https%3A%2F%2Fwww.viator.com%2Ftours%2FLondon%2FLondon-in-One-Day-Sightseeing-Tour%2Fd737-3858EE004%3Feap%3Dmobile-app-11383%26aid%3Dtripenandr&partnerKey=1&urlKey=eed48425eeab78bc9&logme=true&uidparam=refid&attrc=true&Provider=Viator&area=viator_multi&slot=5&cnt=1&geo=187547&clt=TM&from=api&nt=true'}]",
Tower Bridge,51.505455,-0.075351,39993,"An iconic London landmark and one of Britain's best loved historic sites, Tower Bridge is open to the public 363 days a year. Within the Bridge's iconic structure and magnificent Victorian Engine rooms, the Tower Bridge Exhibition is the best way of exploring the most famous bridge in the world! Come learn about this incredible feat of Victorian engineering, discover how the Bridge is raised and enjoy stunning panoramic views across London from our high-level walkways, 42 metres above the River Thames. Opening Times: 09:30 - 17:00 (last admission )",https://media-cdn.tripadvisor.com/media/photo-l/08/4c/08/1b/sun-peeks-through-behind.jpg,https://media-cdn.tripadvisor.com/media/photo-t/08/4c/08/1b/sun-peeks-through-behind.jpg,https://media-cdn.tripadvisor.com/media/photo-o/08/4c/08/1b/sun-peeks-through-behind.jpg,https://media-cdn.tripadvisor.com/media/photo-c/768x250/08/4c/08/1b/sun-peeks-through-behind.jpg,https://media-cdn.tripadvisor.com/media/photo-c/320x120/08/4c/08/1b/sun-peeks-through-behind.jpg,"[[{'open_time': 570, 'close_time': 1080}], [{'open_time': 570, 'close_time': 1080}], [{'open_time': 570, 'close_time': 1080}], [{'open_time': 570, 'close_time': 1080}], [{'open_time': 570, 'close_time': 1080}], [{'open_time': 570, 'close_time': 1080}], [{'open_time': 570, 'close_time': 1080}]]",http://www.towerbridge.org.uk/,+44 20 7403 3761,enquiries@towerbridge.org.uk,"Tower Bridge Road, London SE1 2UP England","[{'title': 'Thames River Cruise and London Eye Standard Ticket', 'price': '$74.11', 'url': 'https://www.tripadvisor.com/Commerce?url=https%3A%2F%2Fwww.viator.com%2Ftours%2FLondon%2FLondon-Eye-River-Cruise-Experience%2Fd737-2988LONDONEYE%3Feap%3Dmobile-app-11383%26aid%3Dtripenandr&partnerKey=1&urlKey=80109c12121627072&logme=true&uidparam=refid&attrc=true&Provider=Viator&area=viator_multi&slot=1&cnt=1&geo=187552&clt=TM&from=api&nt=true'}, {'title': 'The London Pass®: Unlimited access to 85+ top attractions', 'price': '$103.76', 'url': 'https://www.tripadvisor.com/Commerce?url=https%3A%2F%2Fwww.viator.com%2Ftours%2FLondon%2FLondon-Pass%2Fd737-3138LONDON%3Feap%3Dmobile-app-11383%26aid%3Dtripenandr&partnerKey=1&urlKey=fd6d987ffedf5426b&logme=true&uidparam=refid&attrc=true&Provider=Viator&area=viator_multi&slot=2&cnt=1&geo=187552&clt=TM&from=api&nt=true'}, {'title': 'Medieval London: A Self-Guided Audio Tour from Monument to the Tower of London', 'price': '$6.99', 'url': 'https://www.tripadvisor.com/Commerce?url=https%3A%2F%2Fwww.viator.com%2Ftours%2FLondon%2FThe-Tower-of-London-Explore-its-often-gruesome-history-on-a-walking-audio-tour%2Fd737-110804P198%3Feap%3Dmobile-app-11383%26aid%3Dtripenandr&partnerKey=1&urlKey=181ed50ef9a57a3e9&logme=true&uidparam=refid&attrc=true&Provider=Viator&area=viator_multi&slot=3&cnt=1&geo=187552&clt=TM&from=api&nt=true'}, {'title': 'London Ghost Tour by Vintage Routemaster Bus with Guide', 'price': '$34.59', 'url': 'https://www.tripadvisor.com/Commerce?url=https%3A%2F%2Fwww.viator.com%2Ftours%2FLondon%2FLondon-Ghost-Tour-by-Vintage-Bus%2Fd737-6743LON%3Feap%3Dmobile-app-11383%26aid%3Dtripenandr&partnerKey=1&urlKey=0139ddd60c25fe373&logme=true&uidparam=refid&attrc=true&Provider=Viator&area=viator_multi&slot=4&cnt=1&geo=187552&clt=TM&from=api&nt=true'}, {'title': 'Tower of London, Changing of the Guard Tour and Thames Cruise', 'price': '$148.23', 'url': 'https://www.tripadvisor.com/Commerce?url=https%3A%2F%2Fwww.viator.com%2Ftours%2FLondon%2FLondon-Full-Day-Sightseeing-Tour%2Fd737-2452L02%3Feap%3Dmobile-app-11383%26aid%3Dtripenandr&partnerKey=1&urlKey=5b85ae68b3af8403e&logme=true&uidparam=refid&attrc=true&Provider=Viator&area=viator_multi&slot=5&cnt=1&geo=187552&clt=TM&from=api&nt=true'}]",
Churchill War Rooms,51.502163,-0.129357,23630,"London’s Hidden Gem

Housing the underground nerve centre where the British government directed the Second World War and the award-winning Churchill Museum, Churchill War Rooms is one of London’s must-see attractions.
Walk the top-secret corridors and glimpse what life would have been like during the tense days and nights of the Second World War.",https://media-cdn.tripadvisor.com/media/photo-l/29/6b/3e/7c/ciwm.jpg,https://media-cdn.tripadvisor.com/media/photo-t/29/6b/3e/7c/ciwm.jpg,https://media-cdn.tripadvisor.com/media/photo-m/1280/29/6b/3e/7c/ciwm.jpg,https://media-cdn.tripadvisor.com/media/photo-w/29/6b/3e/7c/ciwm.jpg,https://media-cdn.tripadvisor.com/media/photo-s/29/6b/3e/7c/ciwm.jpg,"[[{'open_time': 570, 'close_time': 1080}], [{'open_time': 540, 'close_time': 1080}], [{'open_time': 540, 'close_time': 1080}], [{'open_time': 570, 'close_time': 1080}], [{'open_time': 570, 'close_time': 1080}], [{'open_time': 570, 'close_time': 1080}], [{'open_time': 570, 'close_time': 1080}]]",http://www.iwm.org.uk/visits/churchill-war-rooms,+44 20 7416 5000,contact@iwm.org.uk,"King Charles Street, Clive Steps Westminster, London SW1A 2AQ England","[{'title': 'London Walking Tour with Westminster, Churchill War Rooms', 'price': '$75.35', 'url': 'https://www.tripadvisor.com/Commerce?url=https%3A%2F%2Fwww.viator.com%2Ftours%2FLondon%2FWWII-Historical-Walking-Tour-in-London-Churchill-War-Rooms-and-Westminster%2Fd737-6295LOWRG%3Feap%3Dmobile-app-11383%26aid%3Dtripenandr&partnerKey=1&urlKey=259b4f1256ed1e30b&logme=true&uidparam=refid&attrc=true&Provider=Viator&area=viator_multi&slot=1&cnt=1&geo=194299&clt=TM&from=api&nt=true'}, {'title': 'Darkest Hour - Parliament and Churchill War Rooms Private Tour', 'price': '$321.16', 'url': 'https://www.tripadvisor.com/Commerce?url=https%3A%2F%2Fwww.viator.com%2Ftours%2FLondon%2FDarkest-Hour-Parliament-and-Churchill-War-Rooms-Tour%2Fd737-8607P59%3Feap%3Dmobile-app-11383%26aid%3Dtripenandr&partnerKey=1&urlKey=de9258549b475f414&logme=true&uidparam=refid&attrc=true&Provider=Viator&area=viator_multi&slot=2&cnt=1&geo=194299&clt=TM&from=api&nt=true'}, {'title': 'Westminster 3 Hour Walking Tour & Visit Churchill War Rooms', 'price': '$79.05', 'url': 'https://www.tripadvisor.com/Commerce?url=https%3A%2F%2Fwww.viator.com%2Ftours%2FLondon%2FWestminster-Walking-Tour-and-Churchill-War-Rooms-Tickets%2Fd737-75760P71%3Feap%3Dmobile-app-11383%26aid%3Dtripenandr&partnerKey=1&urlKey=54f4b93ecacb02f7a&logme=true&uidparam=refid&attrc=true&Provider=Viator&area=viator_multi&slot=3&cnt=1&geo=194299&clt=TM&from=api&nt=true'}, {'title': 'Winston Churchill Private Walking Tour of London', 'price': '$216.16', 'url': 'https://www.tripadvisor.com/Commerce?url=https%3A%2F%2Fwww.viator.com%2Ftours%2FLondon%2FPrivate-Churchill-Walking-Tour-of-London%2Fd737-192133P11%3Feap%3Dmobile-app-11383%26aid%3Dtripenandr&partnerKey=1&urlKey=e272b9bd777dbdd5c&logme=true&uidparam=refid&attrc=true&Provider=Viator&area=viator_multi&slot=4&cnt=1&geo=194299&clt=TM&from=api&nt=true'}, {'title': ""Winston Churchill's London and The Churchill War Rooms - A Private Tour. "", 'price': '$233.46', 'url': 'https://www.tripadvisor.com/Commerce?url=https%3A%2F%2Fwww.viator.com%2Ftours%2FLondon%2FWinston-Churchills-London-and-The-Churchill-War-Rooms-A-Private-Tour%2Fd737-60273P32%3Feap%3Dmobile-app-11383%26aid%3Dtripenandr&partnerKey=1&urlKey=2056d82ac7653e0ea&logme=true&uidparam=refid&attrc=true&Provider=Viator&area=viator_multi&slot=5&cnt=1&geo=194299&clt=TM&from=api&nt=true'}]",
National Gallery,51.508892,-0.128293,40596,"The National Gallery houses the national collection of paintings in the Western European tradition from the 13th to the 19th centuries. It is on show 361 days a year, free of charge.",https://media-cdn.tripadvisor.com/media/photo-l/1d/69/8d/bb/the-national-gallery.jpg,https://media-cdn.tripadvisor.com/media/photo-t/1d/69/8d/bb/the-national-gallery.jpg,https://media-cdn.tripadvisor.com/media/photo-o/1d/69/8d/bb/the-national-gallery.jpg,https://media-cdn.tripadvisor.com/media/photo-p/1d/69/8d/bb/the-national-gallery.jpg,https://media-cdn.tripadvisor.com/media/photo-s/1d/69/8d/bb/the-national-gallery.jpg,"[[{'open_time': 600, 'close_time': 1080}], [{'open_time': 600, 'close_time': 1080}], [{'open_time': 600, 'close_time': 1080}], [{'open_time': 600, 'close_time': 1080}], [{'open_time': 600, 'close_time': 1080}], [{'open_time': 600, 'close_time': 1260}], [{'open_time': 600, 'close_time': 1080}]]",http://www.nationalgallery.org.uk/,+44 20 7747 2885,information@ng-london.org.uk,"Trafalgar Square, London WC2N 5DN England","[{'title': 'The National Gallery of London Guided Museum Tour - Semi-Private 8ppl Max', 'price': '$112.74', 'url': 'https://www.tripadvisor.com/Commerce?url=https%3A%2F%2Fwww.viator.com%2Ftours%2FLondon%2FSemi-Private-Guided-Tour-of-the-National-Gallery-in-London%2Fd737-40046P9%3Feap%3Dmobile-app-11383%26aid%3Dtripenandr&partnerKey=1&urlKey=78a2def15691c96be&logme=true&uidparam=refid&attrc=true&Provider=Viator&area=viator_multi&slot=1&cnt=1&geo=188862&clt=TM&from=api&nt=true'}, {'title': 'London Impressionists Private Art History Walking Tour', 'price': '$202.58', 'url': 'https://www.tripadvisor.com/Commerce?url=https%3A%2F%2Fwww.viator.com%2Ftours%2FLondon%2FImpressionists-in-London-on-the-footsteps-of-Monet-and-Turner%2Fd737-66123P44%3Feap%3Dmobile-app-11383%26aid%3Dtripenandr&partnerKey=1&urlKey=b425704500b2f5452&logme=true&uidparam=refid&attrc=true&Provider=Viator&area=viator_multi&slot=2&cnt=1&geo=188862&clt=TM&from=api&nt=true'}, {'title': 'Private Tour, Highlights of The National Gallery, popular with families', 'price': '$241.55', 'url': 'https://www.tripadvisor.com/Commerce?url=https%3A%2F%2Fwww.viator.com%2Ftours%2FLondon%2FPrivate-Tour-of-The-National-Gallery%2Fd737-75038P4%3Feap%3Dmobile-app-11383%26aid%3Dtripenandr&partnerKey=1&urlKey=730e41f8e309d8584&logme=true&uidparam=refid&attrc=true&Provider=Viator&area=viator_multi&slot=3&cnt=1&geo=188862&clt=TM&from=api&nt=true'}, {'title': 'British Museum & National Gallery of London Guided Tour - Semi-Private 8ppl Max', 'price': '$215.22', 'url': 'https://www.tripadvisor.com/Commerce?url=https%3A%2F%2Fwww.viator.com%2Ftours%2FLondon%2FLondons-National-Gallery-and-The-Britsh-Museum-Semi-Private-Guided-Tour%2Fd737-40046P11%3Feap%3Dmobile-app-11383%26aid%3Dtripenandr&partnerKey=1&urlKey=ee0d17cbd90d44aae&logme=true&uidparam=refid&attrc=true&Provider=Viator&area=viator_multi&slot=4&cnt=1&geo=188862&clt=TM&from=api&nt=true'}, {'title': 'London After-Dark Sightseeing Bus Tour & Thames Cruise', 'price': '$34.59', 'url': 'https://www.tripadvisor.com/Commerce?url=https%3A%2F%2Fwww.viator.com%2Ftours%2FLondon%2FThe-Original-Tour-London-Night-Tour%2Fd737-3302P19%3Feap%3Dmobile-app-11383%26aid%3Dtripenandr&partnerKey=1&urlKey=ed62d8ccc506947a7&logme=true&uidparam=refid&attrc=true&Provider=Viator&area=viator_multi&slot=5&cnt=1&geo=188862&clt=TM&from=api&nt=true'}]",
The British Museum,51.519413,-0.126957,73765,"A museum of the world, for the world. Discover over two million years of human history and culture. Some of the world-famous objects include the Rosetta Stone, the Parthenon sculptures and Egyptian mummies.",https://media-cdn.tripadvisor.com/media/photo-l/03/56/93/aa/great-court-at-the-british.jpg,https://media-cdn.tripadvisor.com/media/photo-t/03/56/93/aa/great-court-at-the-british.jpg,https://media-cdn.tripadvisor.com/media/photo-m/1280/03/56/93/aa/great-court-at-the-british.jpg,https://media-cdn.tripadvisor.com/media/photo-m/1280/03/56/93/aa/great-court-at-the-british.jpg,https://media-cdn.tripadvisor.com/media/photo-s/03/56/93/aa/great-court-at-the-british.jpg,"[[{'open_time': 600, 'close_time': 1020}], [{'open_time': 600, 'close_time': 1020}], [{'open_time': 600, 'close_time': 1020}], [{'open_time': 600, 'close_time': 1020}], [{'open_time': 600, 'close_time': 1020}], [{'open_time': 600, 'close_time': 1230}], [{'open_time': 600, 'close_time': 1020}]]",http://www.britishmuseum.org,+44 20 7323 8000,,"Great Russell Street, London WC1B 3DG England","[{'title': 'British Museum Guided Tour', 'price': '$59.09', 'url': 'https://www.tripadvisor.com/Commerce?url=https%3A%2F%2Fwww.viator.com%2Ftours%2FLondon%2FSkip-the-line-British-Museum-Guided-Tour%2Fd737-6839P62%3Feap%3Dmobile-app-11383%26aid%3Dtripenandr&partnerKey=1&urlKey=a6e1e7fd8866d7fdc&logme=true&uidparam=refid&attrc=true&Provider=Viator&area=viator_multi&slot=1&cnt=1&geo=187555&clt=TM&from=api&nt=true'}, {'title': 'London Private Kid-Friendly British Museum Tour', 'price': '$278.24', 'url': 'https://www.tripadvisor.com/Commerce?url=https%3A%2F%2Fwww.viator.com%2Ftours%2FLondon%2FSmall-Group-London-British-Museum-Tour-for-Kids-and-Families%2Fd737-51738P30%3Feap%3Dmobile-app-11383%26aid%3Dtripenandr&partnerKey=1&urlKey=7fb1d28012ca7f97e&logme=true&uidparam=refid&attrc=true&Provider=Viator&area=viator_multi&slot=2&cnt=1&geo=187555&clt=TM&from=api&nt=true'}, {'title': 'The British Museum London Guided Museum Tour - Semi-Private 8ppl Max', 'price': '$112.74', 'url': 'https://www.tripadvisor.com/Commerce?url=https%3A%2F%2Fwww.viator.com%2Ftours%2FLondon%2FSmall-Group-Guided-Tour-of-the-British-Museum-in-London%2Fd737-40046P8%3Feap%3Dmobile-app-11383%26aid%3Dtripenandr&partnerKey=1&urlKey=b9c74391753da72fa&logme=true&uidparam=refid&attrc=true&Provider=Viator&area=viator_multi&slot=3&cnt=1&geo=187555&clt=TM&from=api&nt=true'}, {'title': 'London Big Bus Hop-On Hop-Off Tour with River Cruise', 'price': '$50.03', 'url': 'https://www.tripadvisor.com/Commerce?url=https%3A%2F%2Fwww.viator.com%2Ftours%2FLondon%2FBig-Bus-London-Hop-On-Hop-Off-Tour%2Fd737-6506LONHOHO%3Feap%3Dmobile-app-11383%26aid%3Dtripenandr&partnerKey=1&urlKey=4a443e4657bb7b8c9&logme=true&uidparam=refid&attrc=true&Provider=Viator&area=viator_multi&slot=4&cnt=1&geo=187555&clt=TM&from=api&nt=true'}, {'title': 'The Original London Sightseeing Bus Tour with River Cruise', 'price': '$51.88', 'url': 'https://www.tripadvisor.com/Commerce?url=https%3A%2F%2Fwww.viator.com%2Ftours%2FLondon%2FThe-Original-London-Sightseeing-Tour-Hop-on-Hop-off%2Fd737-3302OT%3Feap%3Dmobile-app-11383%26aid%3Dtripenandr&partnerKey=1&urlKey=ba4caed40a975f37a&logme=true&uidparam=refid&attrc=true&Provider=Viator&area=viator_multi&slot=5&cnt=1&geo=187555&clt=TM&from=api&nt=true'}]",
The Steam Dreams Rail Co.,51.220234,-0.497752,687,"The Steam Dreams Rail Co have been providing nostalgic rail trips and holidays by steam train for over 20 years, designed to combine the nostalgia of steam travel in atmospheric vintage carriages with beautiful countryside, fascinating destinations and great food and wine.",https://media-cdn.tripadvisor.com/media/photo-l/18/34/3e/bf/our-steam-train-arriving.jpg,https://media-cdn.tripadvisor.com/media/photo-t/18/34/3e/bf/our-steam-train-arriving.jpg,https://media-cdn.tripadvisor.com/media/photo-m/1280/18/34/3e/bf/our-steam-train-arriving.jpg,https://media-cdn.tripadvisor.com/media/photo-s/18/34/3e/bf/our-steam-train-arriving.jpg,https://media-cdn.tripadvisor.com/media/photo-f/18/34/3e/bf/our-steam-train-arriving.jpg,"[[], [{'open_time': 570, 'close_time': 1020}], [{'open_time': 570, 'close_time': 1020}], [{'open_time': 570, 'close_time': 1020}], [{'open_time': 570, 'close_time': 1020}], [{'open_time': 570, 'close_time': 1020}], []]",http://www.steamdreams.co.uk,+44 1483 209888,info@steamdreams.co.uk,"Craven House 16 Northumberland Avenue, London WC2N 5AP England",[],"<span class=""highlight"">Tours from The Steam Dreams Rail Co. tend to sell out</span> - travelers recommend booking in advance!"
,,,,,,,,,,,,,,,[],
Westminster Abbey,51.4994,-0.1275,24846,"Westminster Abbey was initially built by Henry III in 1245 and it is one of the most important Gothic buildings of England. At first home of Benedictine monks, the coronation church since 1066 and the final resting place of 17 monarchs. It contains a treasury full of paintings, stained glass, pavements, textiles, books and various other artefacts plus the most significant collection of monumental sculptures of the UK. The Queen's Diamond Jubilee Galleries in the Abbey's Triforium opened in June 2018. Explore over 1,000 years of history in this truly unique space, high above the Abbey floor.",https://media-cdn.tripadvisor.com/media/photo-l/05/b7/56/67/westminster-abbey.jpg,https://media-cdn.tripadvisor.com/media/photo-t/05/b7/56/67/westminster-abbey.jpg,https://media-cdn.tripadvisor.com/media/photo-o/05/b7/56/67/westminster-abbey.jpg,https://media-cdn.tripadvisor.com/media/photo-w/05/b7/56/67/westminster-abbey.jpg,https://media-cdn.tripadvisor.com/media/photo-s/05/b7/56/67/westminster-abbey.jpg,"[[], [{'open_time': 570, 'close_time': 930}], [{'open_time': 570, 'close_time': 930}], [{'open_time': 570, 'close_time': 1080}], [{'open_time': 570, 'close_time': 930}], [{'open_time': 570, 'close_time': 930}], [{'open_time': 540, 'close_time': 780}]]",http://www.westminster-abbey.org/,+44 20 7222 5152,info@westminster-abbey.org,"20 Dean's Yard Broad Sanctuary, London SW1P 3PA England","[{'title': 'London: Houses of Parliament and Westminster Abbey Tour', 'price': '$60.53', 'url': 'https://www.tripadvisor.com/Commerce?url=https%3A%2F%2Fwww.viator.com%2Ftours%2FLondon%2FInside-the-Houses-of-Parliament-and-Westminster-Abbey-Tour-in-London%2Fd737-185211PARLON%3Feap%3Dmobile-app-11383%26aid%3Dtripenandr&partnerKey=1&urlKey=9b2acc8d7245e6914&logme=true&uidparam=refid&attrc=true&Provider=Viator&area=viator_multi&slot=1&cnt=1&geo=189032&clt=TM&from=api&nt=true'}, {'title': 'Skip the Line into Houses of Parliament & Westminster Abbey Fully-Guided Tour', 'price': '$159.36', 'url': 'https://www.tripadvisor.com/Commerce?url=https%3A%2F%2Fwww.viator.com%2Ftours%2FLondon%2FHouses-of-Parliament-and-Westminster-Abbey-Tour%2Fd737-62043P4%3Feap%3Dmobile-app-11383%26aid%3Dtripenandr&partnerKey=1&urlKey=0cfa43e60d305470e&logme=true&uidparam=refid&attrc=true&Provider=Viator&area=viator_multi&slot=2&cnt=1&geo=189032&clt=TM&from=api&nt=true'}, {'title': 'Westminster and Buckingham private walking tour', 'price': '$46.94', 'url': 'https://www.tripadvisor.com/Commerce?url=https%3A%2F%2Fwww.viator.com%2Ftours%2FLondon%2FWestminster-and-Buckingham%2Fd737-69458P3%3Feap%3Dmobile-app-11383%26aid%3Dtripenandr&partnerKey=1&urlKey=57fa2dbc769631379&logme=true&uidparam=refid&attrc=true&Provider=Viator&area=viator_multi&slot=3&cnt=1&geo=189032&clt=TM&from=api&nt=true'}, {'title': 'Westminster Walking Tour & Westminster Abbey Entry', 'price': '$76.58', 'url': 'https://www.tripadvisor.com/Commerce?url=https%3A%2F%2Fwww.viator.com%2Ftours%2FLondon%2FWestminster-Walking-Tour-and-Westminster-Abbey-Entry%2Fd737-75760P78%3Feap%3Dmobile-app-11383%26aid%3Dtripenandr&partnerKey=1&urlKey=29191c538c30701f3&logme=true&uidparam=refid&attrc=true&Provider=Viator&area=viator_multi&slot=4&cnt=1&geo=189032&clt=TM&from=api&nt=true'}, {'title': 'Skip-the-line London Westminster Abbey and City of Westminster Kid-Friendly Tour', 'price': '$310.47', 'url': 'https://www.tripadvisor.com/Commerce?url=https%3A%2F%2Fwww.viator.com%2Ftours%2FLondon%2FSkip-the-Line-Westminster-Abbey-Guided-Tour-in-London-for-Kids-and-Families%2Fd737-51738P81%3Feap%3Dmobile-app-11383%26aid%3Dtripenandr&partnerKey=1&urlKey=6af63aa0e0b9534dd&logme=true&uidparam=refid&attrc=true&Provider=Viator&area=viator_multi&slot=5&cnt=1&geo=189032&clt=TM&from=api&nt=true'}]",
V&A  - Victoria and Albert Museum,51.496574,-0.17238,32744,"The world's greatest museum of art and design.The V&A's collections are unrivalled in their diversity. Explore historical and contemporary art and design, including works of art from many of the world's richest cultures. Admission free.",https://media-cdn.tripadvisor.com/media/photo-l/09/27/6e/8e/v-a-victoria-and-albert.jpg,https://media-cdn.tripadvisor.com/media/photo-t/09/27/6e/8e/v-a-victoria-and-albert.jpg,https://media-cdn.tripadvisor.com/media/photo-o/09/27/6e/8e/v-a-victoria-and-albert.jpg,https://media-cdn.tripadvisor.com/media/photo-w/09/27/6e/8e/v-a-victoria-and-albert.jpg,https://media-cdn.tripadvisor.com/media/photo-s/09/27/6e/8e/v-a-victoria-and-albert.jpg,"[[{'open_time': 600, 'close_time': 1065}], [{'open_time': 600, 'close_time': 1065}], [{'open_time': 600, 'close_time': 1065}], [{'open_time': 600, 'close_time': 1065}], [{'open_time': 600, 'close_time': 1065}], [{'open_time': 600, 'close_time': 1320}], [{'open_time': 600, 'close_time': 1065}]]",http://www.vam.ac.uk,+44 20 7942 2000,hello@vam.ac.uk,"Cromwell Road, London SW7 2RL England","[{'title': 'London Victoria and Albert Private Tour with Admission Ticket', 'price': '$317.75', 'url': 'https://www.tripadvisor.com/Commerce?url=https%3A%2F%2Fwww.viator.com%2Ftours%2FLondon%2FThe-Royal-Victoria-and-Albert-Museum-The-World-Greatest-Collection-of-Arts-and-Crafts%2Fd737-3207LON5%3Feap%3Dmobile-app-11383%26aid%3Dtripenandr&partnerKey=1&urlKey=0fd9d91aeda23da6d&logme=true&uidparam=refid&attrc=true&Provider=Viator&area=viator_multi&slot=1&cnt=1&geo=187556&clt=TM&from=api&nt=true'}, {'title': 'Private Guided Tour of The Victoria and Albert Museum - 3 Hour', 'price': '$234.69', 'url': 'https://www.tripadvisor.com/Commerce?url=https%3A%2F%2Fwww.viator.com%2Ftours%2FLondon%2FPrivate-tour-of-The-Victoria-and-Albert-Museum%2Fd737-119567P1%3Feap%3Dmobile-app-11383%26aid%3Dtripenandr&partnerKey=1&urlKey=b32519825521b26a5&logme=true&uidparam=refid&attrc=true&Provider=Viator&area=viator_multi&slot=2&cnt=1&geo=187556&clt=TM&from=api&nt=true'}, {'title': 'London Hop-On Hop-Off Bus Pass with Walking Tour, River Cruise', 'price': '$45.70', 'url': 'https://www.tripadvisor.com/Commerce?url=https%3A%2F%2Fwww.viator.com%2Ftours%2FLondon%2FLondon-City-Tour-Hop-on-Hop-off%2Fd737-23622P1%3Feap%3Dmobile-app-11383%26aid%3Dtripenandr&partnerKey=1&urlKey=658c1dce782da2c21&logme=true&uidparam=refid&attrc=true&Provider=Viator&area=viator_multi&slot=3&cnt=1&geo=187556&clt=TM&from=api&nt=true'}, {'title': 'Private Walking Tour of the Victoria and Albert Museum', 'price': '$257.63', 'url': 'https://www.tripadvisor.com/Commerce?url=https%3A%2F%2Fwww.viator.com%2Ftours%2FLondon%2FPrivate-Walking-Tour-of-the-Victoria-and-Albert-Museum%2Fd737-18521P12%3Feap%3Dmobile-app-11383%26aid%3Dtripenandr&partnerKey=1&urlKey=a14013ed7b2bbaa6e&logme=true&uidparam=refid&attrc=true&Provider=Viator&area=viator_multi&slot=4&cnt=1&geo=187556&clt=TM&from=api&nt=true'}, {'title': 'London Hop-on Hop-off Sightseeing Bus Tour', 'price': '$45.70', 'url': 'https://www.tripadvisor.com/Commerce?url=https%3A%2F%2Fwww.viator.com%2Ftours%2FLondon%2FLondon-Hop-on-Hop-off-Bus-Tour%2Fd737-2065P61%3Feap%3Dmobile-app-11383%26aid%3Dtripenandr&partnerKey=1&urlKey=f365c1560ef591d82&logme=true&uidparam=refid&attrc=true&Provider=Viator&area=viator_multi&slot=5&cnt=1&geo=187556&clt=TM&from=api&nt=true'}]",
St. Paul's Cathedral,51.513725,-0.099738,17566,"Rebuilt by Christopher Wren after the great Fire of 1666, St. Paul's has been the site of many historic state occasions; including Sir Winston Churchill's state funeral and the Royal Wedding of Prince Charles and Lady Diana Spencer. A busy working Christian community with several daily services at which all are welcome. St Paul’s also welcomes visitors with access to five levels of the Cathedral including the Whispering Gallery with its unique acoustics and the Stone and Golden Galleries atop the Dome offering breathtaking panoramic views over London. Multimedia guides in eight languages for adults and children are included with sightseeing admission as well as free guided tours to join upon arrival.",https://media-cdn.tripadvisor.com/media/photo-f/18/0d/89/e6/st-pauls.jpg,https://media-cdn.tripadvisor.com/media/photo-t/18/0d/89/e6/st-pauls.jpg,https://media-cdn.tripadvisor.com/media/photo-m/1280/18/0d/89/e6/st-pauls.jpg,https://media-cdn.tripadvisor.com/media/photo-w/18/0d/89/e6/st-pauls.jpg,https://media-cdn.tripadvisor.com/media/photo-s/18/0d/89/e6/st-pauls.jpg,"[[], [{'open_time': 510, 'close_time': 990}], [{'open_time': 510, 'close_time': 990}], [{'open_time': 600, 'close_time': 990}], [{'open_time': 510, 'close_time': 990}], [{'open_time': 510, 'close_time': 990}], [{'open_time': 510, 'close_time': 990}]]",http://www.stpauls.co.uk/,+44 20 7246 8350,admissions@stpaulscathedral.org.uk,"St Paul's Churchyard, London EC4M 8AD England","[{'title': ""St Paul's Cathedral Admission Ticket"", 'price': '$25.32', 'url': 'https://www.tripadvisor.com/Commerce?url=https%3A%2F%2Fwww.viator.com%2Ftours%2FLondon%2FSt-Pauls-Cathedral-Admission-Ticket%2Fd737-67067P1%3Feap%3Dmobile-app-11383%26aid%3Dtripenandr&partnerKey=1&urlKey=7e35b61a404525e31&logme=true&uidparam=refid&attrc=true&Provider=Viator&area=viator_multi&slot=1&cnt=1&geo=188159&clt=TM&from=api&nt=true'}, {'title': 'London in One Day with Tower of London and London Eye Upgrade', 'price': '$142.05', 'url': 'https://www.tripadvisor.com/Commerce?url=https%3A%2F%2Fwww.viator.com%2Ftours%2FLondon%2FLondon-in-One-Day-Sightseeing-Tour%2Fd737-3858EE004%3Feap%3Dmobile-app-11383%26aid%3Dtripenandr&partnerKey=1&urlKey=eed48425eeab78bc9&logme=true&uidparam=refid&attrc=true&Provider=Viator&area=viator_multi&slot=2&cnt=1&geo=188159&clt=TM&from=api&nt=true'}, {'title': 'The London Pass®: Unlimited access to 85+ top attractions', 'price': '$103.76', 'url': 'https://www.tripadvisor.com/Commerce?url=https%3A%2F%2Fwww.viator.com%2Ftours%2FLondon%2FLondon-Pass%2Fd737-3138LONDON%3Feap%3Dmobile-app-11383%26aid%3Dtripenandr&partnerKey=1&urlKey=fd6d987ffedf5426b&logme=true&uidparam=refid&attrc=true&Provider=Viator&area=viator_multi&slot=3&cnt=1&geo=188159&clt=TM&from=api&nt=true'}, {'title': 'Tower of London, Changing of the Guard Tour and Thames Cruise', 'price': '$148.23', 'url': 'https://www.tripadvisor.com/Commerce?url=https%3A%2F%2Fwww.viator.com%2Ftours%2FLondon%2FLondon-Full-Day-Sightseeing-Tour%2Fd737-2452L02%3Feap%3Dmobile-app-11383%26aid%3Dtripenandr&partnerKey=1&urlKey=5b85ae68b3af8403e&logme=true&uidparam=refid&attrc=true&Provider=Viator&area=viator_multi&slot=4&cnt=1&geo=188159&clt=TM&from=api&nt=true'}, {'title': 'London Big Bus Hop-On Hop-Off Tour with River Cruise', 'price': '$50.03', 'url': 'https://www.tripadvisor.com/Commerce?url=https%3A%2F%2Fwww.viator.com%2Ftours%2FLondon%2FBig-Bus-London-Hop-On-Hop-Off-Tour%2Fd737-6506LONHOHO%3Feap%3Dmobile-app-11383%26aid%3Dtripenandr&partnerKey=1&urlKey=4a443e4657bb7b8c9&logme=true&uidparam=refid&attrc=true&Provider=Viator&area=viator_multi&slot=5&cnt=1&geo=188159&clt=TM&from=api&nt=true'}]",
Natural History Museum,51.496326,-0.176369,37890,"A center of scientific excellence in the discovery of taxonomy and biodiversity, this world-famous museum promotes the discovery and enjoyment of the natural world through such exciting exhibits as the Life and Earth Galleries, wildlife garden and geological collections.",https://media-cdn.tripadvisor.com/media/photo-l/17/bf/f4/52/photo1jpg.jpg,https://media-cdn.tripadvisor.com/media/photo-t/17/bf/f4/52/photo1jpg.jpg,https://media-cdn.tripadvisor.com/media/photo-m/1280/17/bf/f4/52/photo1jpg.jpg,https://media-cdn.tripadvisor.com/media/photo-s/17/bf/f4/52/photo1jpg.jpg,https://media-cdn.tripadvisor.com/media/photo-f/17/bf/f4/52/photo1jpg.jpg,"[[{'open_time': 600, 'close_time': 1070}], [{'open_time': 600, 'close_time': 1070}], [{'open_time': 600, 'close_time': 1070}], [{'open_time': 600, 'close_time': 1070}], [{'open_time': 600, 'close_time': 1070}], [{'open_time': 600, 'close_time': 1070}], [{'open_time': 600, 'close_time': 1070}]]",http://www.nhm.ac.uk,+44 20 7938 9123,,"Cromwell Road South Kensington, London SW7 5BD England","[{'title': 'Natural History Museum London - Private Guided Museum Tour', 'price': '$112.74', 'url': 'https://www.tripadvisor.com/Commerce?url=https%3A%2F%2Fwww.viator.com%2Ftours%2FLondon%2FNatural-History-Museum-London-Private-Guided-Tour%2Fd737-40046P23%3Feap%3Dmobile-app-11383%26aid%3Dtripenandr&partnerKey=1&urlKey=7ea10cde21e8eb1f5&logme=true&uidparam=refid&attrc=true&Provider=Viator&area=viator_multi&slot=1&cnt=1&geo=187676&clt=TM&from=api&nt=true'}, {'title': 'Kid-Friendly Natural History Museum & Dinosaurs Private Guided Tour in London', 'price': '$288.99', 'url': 'https://www.tripadvisor.com/Commerce?url=https%3A%2F%2Fwww.viator.com%2Ftours%2FLondon%2FKid-Friendly-Natural-History-Museum-and-Dinosaurs-Private-Guided-Tour-in-London%2Fd737-51738P76%3Feap%3Dmobile-app-11383%26aid%3Dtripenandr&partnerKey=1&urlKey=12a8e6c6a4a159b5f&logme=true&uidparam=refid&attrc=true&Provider=Viator&area=viator_multi&slot=2&cnt=1&geo=187676&clt=TM&from=api&nt=true'}, {'title': 'The Natural History Museum London Guided Tour - Semi-Private 8ppl Max', 'price': '$112.74', 'url': 'https://www.tripadvisor.com/Commerce?url=https%3A%2F%2Fwww.viator.com%2Ftours%2FLondon%2FNatural-History-Museum-London-Small-Group-Guided-Tour%2Fd737-40046P24%3Feap%3Dmobile-app-11383%26aid%3Dtripenandr&partnerKey=1&urlKey=bba4617617da2536a&logme=true&uidparam=refid&attrc=true&Provider=Viator&area=viator_multi&slot=3&cnt=1&geo=187676&clt=TM&from=api&nt=true'}, {'title': 'London Natural History Museum Dinosaur Discovery Family Tour', 'price': '$219.65', 'url': 'https://www.tripadvisor.com/Commerce?url=https%3A%2F%2Fwww.viator.com%2Ftours%2FLondon%2FLondon-Natural-History-Museum-Dinosaur-Discovery-Family-Tour%2Fd737-6839P54%3Feap%3Dmobile-app-11383%26aid%3Dtripenandr&partnerKey=1&urlKey=65460fcfa9d5d127c&logme=true&uidparam=refid&attrc=true&Provider=Viator&area=viator_multi&slot=4&cnt=1&geo=187676&clt=TM&from=api&nt=true'}, {'title': 'London Hop-On Hop-Off Bus Pass with Walking Tour, River Cruise', 'price': '$45.70', 'url': 'https://www.tripadvisor.com/Commerce?url=https%3A%2F%2Fwww.viator.com%2Ftours%2FLondon%2FLondon-City-Tour-Hop-on-Hop-off%2Fd737-23622P1%3Feap%3Dmobile-app-11383%26aid%3Dtripenandr&partnerKey=1&urlKey=658c1dce782da2c21&logme=true&uidparam=refid&attrc=true&Provider=Viator&area=viator_multi&slot=5&cnt=1&geo=187676&clt=TM&from=api&nt=true'}]",
Borough Market,51.505512,-0.090481,13780,"This market is one of London’s oldest and largest food markets, with over 100 delicatessens, butchers, fishmongers, and cheesemakers selling fresh produce, meats, artisanal delicacies, and more. It's where locals come to do their grocery runs, and where travelers can come to try some of the best British food in a historic setting. Join a food and market tour of London to make sure you don't miss any of the best stalls.

It gets busy on weekend afternoons, and some traders aren't open on all days—typically on limited market days early in the week—so be sure to plan ahead. – Tripadvisor",https://media-cdn.tripadvisor.com/media/photo-l/17/94/de/ed/caption.jpg,https://media-cdn.tripadvisor.com/media/photo-t/17/94/de/ed/caption.jpg,https://media-cdn.tripadvisor.com/media/photo-m/1280/17/94/de/ed/caption.jpg,https://media-cdn.tripadvisor.com/media/photo-w/17/94/de/ed/caption.jpg,https://media-cdn.tripadvisor.com/media/photo-s/17/94/de/ed/caption.jpg,"[[{'open_time': 600, 'close_time': 960}], [], [{'open_time': 600, 'close_time': 1020}], [{'open_time': 600, 'close_time': 1020}], [{'open_time': 600, 'close_time': 1020}], [{'open_time': 600, 'close_time': 1020}], [{'open_time': 540, 'close_time': 1020}]]",http://boroughmarket.org.uk,+44 20 7407 1002,info@boroughmarket.org.uk,"8 Southwark Street, London SE1 1TL England","[{'title': 'Camden Market, Borough Market and Covent Garden Market Private Tour', 'price': '$197.64', 'url': 'https://www.tripadvisor.com/Commerce?url=https%3A%2F%2Fwww.viator.com%2Ftours%2FLondon%2FLondon-Street-Markets-Tour%2Fd737-8607P38%3Feap%3Dmobile-app-11383%26aid%3Dtripenandr&partnerKey=1&urlKey=97fe6a383cb7468a6&logme=true&uidparam=refid&attrc=true&Provider=Viator&area=viator_multi&slot=1&cnt=1&geo=260500&clt=TM&from=api&nt=true'}, {'title': 'Borough Market and Beyond: London Tour', 'price': '$18.53', 'url': 'https://www.tripadvisor.com/Commerce?url=https%3A%2F%2Fwww.viator.com%2Ftours%2FLondon%2FBackstreets-of-Borough%2Fd737-167780P1%3Feap%3Dmobile-app-11383%26aid%3Dtripenandr&partnerKey=1&urlKey=592c2e32c071eb534&logme=true&uidparam=refid&attrc=true&Provider=Viator&area=viator_multi&slot=2&cnt=1&geo=260500&clt=TM&from=api&nt=true'}, {'title': 'London Walking Food Tour With Secret Food Tours', 'price': '$104.99', 'url': 'https://www.tripadvisor.com/Commerce?url=https%3A%2F%2Fwww.viator.com%2Ftours%2FLondon%2FSecret-Food-Tours-London%2Fd737-7812P2%3Feap%3Dmobile-app-11383%26aid%3Dtripenandr&partnerKey=1&urlKey=5aa3fd1382e04d55a&logme=true&uidparam=refid&attrc=true&Provider=Viator&area=viator_multi&slot=3&cnt=1&geo=260500&clt=TM&from=api&nt=true'}, {'title': 'Private Tour : Try 8 English Foods & See Over 20 London sights!', 'price': '$311.35', 'url': 'https://www.tripadvisor.com/Commerce?url=https%3A%2F%2Fwww.viator.com%2Ftours%2FLondon%2FPrivate-Tour-Try-10-English-foods-and-See-over-20-London-sights%2Fd737-75760P35%3Feap%3Dmobile-app-11383%26aid%3Dtripenandr&partnerKey=1&urlKey=edf61760f906f76ad&logme=true&uidparam=refid&attrc=true&Provider=Viator&area=viator_multi&slot=4&cnt=1&geo=260500&clt=TM&from=api&nt=true'}, {'title': 'Harry Potter London Walking Tour', 'price': '$18.53', 'url': 'https://www.tripadvisor.com/Commerce?url=https%3A%2F%2Fwww.viator.com%2Ftours%2FLondon%2FHarry-Potter-Walking-Tour-of-London%2Fd737-5936P12%3Feap%3Dmobile-app-11383%26aid%3Dtripenandr&partnerKey=1&urlKey=efa98c54583bbce71&logme=true&uidparam=refid&attrc=true&Provider=Viator&area=viator_multi&slot=5&cnt=1&geo=260500&clt=TM&from=api&nt=true'}]",
Hyde Park,51.507607,-0.165628,22466,"Once the hunting ground for Henry VIII, this large royal park is best known for its famous Speakers' Corner, where people speak their minds, Rotton Row, a famous horse-riding area and Serpentine Lake, home to waterfowl and oarsmen.",https://media-cdn.tripadvisor.com/media/photo-l/0b/b6/8d/8e/hyde-park.jpg,https://media-cdn.tripadvisor.com/media/photo-t/0b/b6/8d/8e/hyde-park.jpg,https://media-cdn.tripadvisor.com/media/photo-o/0b/b6/8d/8e/hyde-park.jpg,https://media-cdn.tripadvisor.com/media/photo-w/0b/b6/8d/8e/hyde-park.jpg,https://media-cdn.tripadvisor.com/media/photo-s/0b/b6/8d/8e/hyde-park.jpg,"[[{'open_time': 300, 'close_time': 1440}], [{'open_time': 300, 'close_time': 1440}], [{'open_time': 300, 'close_time': 1440}], [{'open_time': 300, 'close_time': 1440}], [{'open_time': 300, 'close_time': 1440}], [{'open_time': 300, 'close_time': 1440}], [{'open_time': 300, 'close_time': 1440}]]",https://www.royalparks.org.uk/parks/hyde-park,+44 300 061 2000,hyde@royalparks.gsi.gov.uk,London W2 2UH England,"[{'title': 'London Royal Parks Bike Tour with Hyde Park, Buckingham Palace', 'price': '$24.70', 'url': 'https://www.tripadvisor.com/Commerce?url=https%3A%2F%2Fwww.viator.com%2Ftours%2FLondon%2FLondon-Royal-Parks-Bike-Tour-including-Hyde-Park%2Fd737-5098LONBIKES%3Feap%3Dmobile-app-11383%26aid%3Dtripenandr&partnerKey=1&urlKey=25ac1a82e4b247174&logme=true&uidparam=refid&attrc=true&Provider=Viator&area=viator_multi&slot=1&cnt=1&geo=189030&clt=TM&from=api&nt=true'}, {'title': 'London Big Bus Hop-On Hop-Off Tour with River Cruise', 'price': '$50.03', 'url': 'https://www.tripadvisor.com/Commerce?url=https%3A%2F%2Fwww.viator.com%2Ftours%2FLondon%2FBig-Bus-London-Hop-On-Hop-Off-Tour%2Fd737-6506LONHOHO%3Feap%3Dmobile-app-11383%26aid%3Dtripenandr&partnerKey=1&urlKey=4a443e4657bb7b8c9&logme=true&uidparam=refid&attrc=true&Provider=Viator&area=viator_multi&slot=2&cnt=1&geo=189030&clt=TM&from=api&nt=true'}, {'title': 'London Public Buses Audio Tour', 'price': '$8.03', 'url': 'https://www.tripadvisor.com/Commerce?url=https%3A%2F%2Fwww.viator.com%2Ftours%2FLondon%2FSelf-guided-sightseeing-tour-of-London%2Fd737-73995P3%3Feap%3Dmobile-app-11383%26aid%3Dtripenandr&partnerKey=1&urlKey=939379400fa51b78d&logme=true&uidparam=refid&attrc=true&Provider=Viator&area=viator_multi&slot=3&cnt=1&geo=189030&clt=TM&from=api&nt=true'}, {'title': 'The Queen: A Secret life of Freddie Mercury experience', 'price': '$289.04', 'url': 'https://www.tripadvisor.com/Commerce?url=https%3A%2F%2Fwww.viator.com%2Ftours%2FLondon%2FBohemian-Rapsody-Queen-era%2Fd737-66123P17%3Feap%3Dmobile-app-11383%26aid%3Dtripenandr&partnerKey=1&urlKey=b792592e811d208e3&logme=true&uidparam=refid&attrc=true&Provider=Viator&area=viator_multi&slot=4&cnt=1&geo=189030&clt=TM&from=api&nt=true'}, {'title': 'London After-Dark Sightseeing Bus Tour & Thames Cruise', 'price': '$34.59', 'url': 'https://www.tripadvisor.com/Commerce?url=https%3A%2F%2Fwww.viator.com%2Ftours%2FLondon%2FThe-Original-Tour-London-Night-Tour%2Fd737-3302P19%3Feap%3Dmobile-app-11383%26aid%3Dtripenandr&partnerKey=1&urlKey=ed62d8ccc506947a7&logme=true&uidparam=refid&attrc=true&Provider=Viator&area=viator_multi&slot=5&cnt=1&geo=189030&clt=TM&from=api&nt=true'}]",
Up at The O2,51.503036,0.003159,7762,"Get ready for a breathtaking new attraction, combining an exhilarating active outdoor challenge with a completely unique perspective on the Capital.Prepare yourself for an unforgettable 90 minute experience which will take you on an uplifting expedition across the roof of the world's most popular entertainment venue. Enjoy spectacular 360 degree views of London from our viewing platform in the centre of the roof, before finishing with a thrilling descent back to base to complete your adventure.",https://media-cdn.tripadvisor.com/media/photo-l/02/e7/83/5e/up-at-the-o2.jpg,https://media-cdn.tripadvisor.com/media/photo-t/02/e7/83/5e/up-at-the-o2.jpg,https://media-cdn.tripadvisor.com/media/photo-s/02/e7/83/5e/up-at-the-o2.jpg,https://media-cdn.tripadvisor.com/media/photo-s/02/e7/83/5e/up-at-the-o2.jpg,https://media-cdn.tripadvisor.com/media/photo-s/02/e7/83/5e/up-at-the-o2.jpg,"[[{'open_time': 600, 'close_time': 1230}], [{'open_time': 600, 'close_time': 1230}], [{'open_time': 600, 'close_time': 1230}], [{'open_time': 600, 'close_time': 1230}], [{'open_time': 600, 'close_time': 1230}], [{'open_time': 600, 'close_time': 1230}], [{'open_time': 600, 'close_time': 1230}]]",http://www.theo2.co.uk/do-more-at-the-o2/up-at-the-o2,+44 20 8463 2680,boxoffice@upattheo2.co.uk,"The O2, London SE10 0DX England","[{'title': 'Up at The O2 Climb in London', 'price': '$43.23', 'url': 'https://www.tripadvisor.com/Commerce?url=https%3A%2F%2Fwww.viator.com%2Ftours%2FLondon%2FClimb-The-O2%2Fd737-12109P3%3Feap%3Dmobile-app-11383%26aid%3Dtripenandr&partnerKey=1&urlKey=adcec31a02aca9961&logme=true&uidparam=refid&attrc=true&Provider=Viator&area=viator_multi&slot=1&cnt=1&geo=3263267&clt=TM&from=api&nt=true'}, {'title': 'London Up at The O2 Sunset Climb', 'price': '$49.41', 'url': 'https://www.tripadvisor.com/Commerce?url=https%3A%2F%2Fwww.viator.com%2Ftours%2FLondon%2FUp-at-The-O2-Sunset-Climb%2Fd737-12109P7%3Feap%3Dmobile-app-11383%26aid%3Dtripenandr&partnerKey=1&urlKey=1ab7957f6e599be19&logme=true&uidparam=refid&attrc=true&Provider=Viator&area=viator_multi&slot=2&cnt=1&geo=3263267&clt=TM&from=api&nt=true'}, {'title': 'London: The O2 Small-Group Night Climb', 'price': '$46.94', 'url': 'https://www.tripadvisor.com/Commerce?url=https%3A%2F%2Fwww.viator.com%2Ftours%2FLondon%2FUp-at-The-O2-Twilight-Climb%2Fd737-12109P6%3Feap%3Dmobile-app-11383%26aid%3Dtripenandr&partnerKey=1&urlKey=73a532529cf8d207c&logme=true&uidparam=refid&attrc=true&Provider=Viator&area=viator_multi&slot=3&cnt=1&geo=3263267&clt=TM&from=api&nt=true'}]","<span class=""highlight"">In high demand</span> - travelers recommend booking ahead!"
St. James's Park,51.50397,-0.12901,19197,"This 90-acre park, the oldest Royal Park in London, features a large lake that is a wildlife sanctuary for ducks, geese, swans and even pelicans.",https://media-cdn.tripadvisor.com/media/photo-l/14/1d/b8/ad/received-1749345555119936.jpg,https://media-cdn.tripadvisor.com/media/photo-t/14/1d/b8/ad/received-1749345555119936.jpg,https://media-cdn.tripadvisor.com/media/photo-o/14/1d/b8/ad/received-1749345555119936.jpg,https://media-cdn.tripadvisor.com/media/photo-s/14/1d/b8/ad/received-1749345555119936.jpg,https://media-cdn.tripadvisor.com/media/photo-f/14/1d/b8/ad/received-1749345555119936.jpg,"[[{'open_time': 300, 'close_time': 1440}], [{'open_time': 300, 'close_time': 1440}], [{'open_time': 300, 'close_time': 1440}], [{'open_time': 300, 'close_time': 1440}], [{'open_time': 300, 'close_time': 1440}], [{'open_time': 300, 'close_time': 1440}], [{'open_time': 300, 'close_time': 1440}]]",http://www.royalparks.org.uk/parks/st-jamess-park,+44 (0)300 061 2350,stjames@royalparks.org.uk,"Horse Guards Road The Storeyard, London SW1A 2BJ England","[{'title': 'London Big Bus Hop-On Hop-Off Tour with River Cruise', 'price': '$50.03', 'url': 'https://www.tripadvisor.com/Commerce?url=https%3A%2F%2Fwww.viator.com%2Ftours%2FLondon%2FBig-Bus-London-Hop-On-Hop-Off-Tour%2Fd737-6506LONHOHO%3Feap%3Dmobile-app-11383%26aid%3Dtripenandr&partnerKey=1&urlKey=4a443e4657bb7b8c9&logme=true&uidparam=refid&attrc=true&Provider=Viator&area=viator_multi&slot=1&cnt=1&geo=188126&clt=TM&from=api&nt=true'}, {'title': 'Exciting Driving Tour Around London', 'price': '$370.57', 'url': 'https://www.tripadvisor.com/Commerce?url=https%3A%2F%2Fwww.viator.com%2Ftours%2FLondon%2FExciting-Walking-Tour-through-London%2Fd737-172585P1%3Feap%3Dmobile-app-11383%26aid%3Dtripenandr&partnerKey=1&urlKey=c00c4fe25c84185a5&logme=true&uidparam=refid&attrc=true&Provider=Viator&area=viator_multi&slot=2&cnt=1&geo=188126&clt=TM&from=api&nt=true'}, {'title': 'Classic London Landmarks Bicycle Tour ', 'price': '$48.11', 'url': 'https://www.tripadvisor.com/Commerce?url=https%3A%2F%2Fwww.viator.com%2Ftours%2FLondon%2FLondon-Bike-Tour-East-West-or-Central-London%2Fd737-3862BICYCLE%3Feap%3Dmobile-app-11383%26aid%3Dtripenandr&partnerKey=1&urlKey=3d56e78a7c89753fd&logme=true&uidparam=refid&attrc=true&Provider=Viator&area=viator_multi&slot=3&cnt=1&geo=188126&clt=TM&from=api&nt=true'}, {'title': 'London Royal Parks Bike Tour with Hyde Park, Buckingham Palace', 'price': '$24.70', 'url': 'https://www.tripadvisor.com/Commerce?url=https%3A%2F%2Fwww.viator.com%2Ftours%2FLondon%2FLondon-Royal-Parks-Bike-Tour-including-Hyde-Park%2Fd737-5098LONBIKES%3Feap%3Dmobile-app-11383%26aid%3Dtripenandr&partnerKey=1&urlKey=25ac1a82e4b247174&logme=true&uidparam=refid&attrc=true&Provider=Viator&area=viator_multi&slot=4&cnt=1&geo=188126&clt=TM&from=api&nt=true'}, {'title': 'Westminster Walking Tour with a Local: 100% Personalized & Private', 'price': '$111.42', 'url': 'https://www.tripadvisor.com/Commerce?url=https%3A%2F%2Fwww.viator.com%2Ftours%2FLondon%2FBig-Ben-to-Covent-Garden-off-the-beaten-track-with-a-local%2Fd737-30791P7%3Feap%3Dmobile-app-11383%26aid%3Dtripenandr&partnerKey=1&urlKey=d9aa2817a7eebd36a&logme=true&uidparam=refid&attrc=true&Provider=Viator&area=viator_multi&slot=5&cnt=1&geo=188126&clt=TM&from=api&nt=true'}]",
,,,,,,,,,,,,,,,[],
Covent Garden,51.511967,-0.122781,25287,"Filled with restaurants, bars, markets and boutiques, London's premier tourist center offers fabulous shopping by day, and the destination of theatergoers and patrons of the Royal Opera House by night.",https://media-cdn.tripadvisor.com/media/photo-l/1a/9f/f5/5e/covent-garden-is-a-world.jpg,https://media-cdn.tripadvisor.com/media/photo-t/1a/9f/f5/5e/covent-garden-is-a-world.jpg,https://media-cdn.tripadvisor.com/media/photo-m/1280/1a/9f/f5/5e/covent-garden-is-a-world.jpg,https://media-cdn.tripadvisor.com/media/photo-w/1a/9f/f5/5e/covent-garden-is-a-world.jpg,https://media-cdn.tripadvisor.com/media/photo-s/1a/9f/f5/5e/covent-garden-is-a-world.jpg,"[[{'open_time': 0, 'close_time': 1439}], [{'open_time': 0, 'close_time': 1439}], [{'open_time': 0, 'close_time': 1439}], [{'open_time': 0, 'close_time': 1439}], [{'open_time': 0, 'close_time': 1439}], [{'open_time': 0, 'close_time': 1439}], [{'open_time': 0, 'close_time': 1439}]]",http://www.coventgarden.uk.com/,+44 20 7420 5856,info@coventgarden.uk.com,"Covent Garden, London WC2E 9DD England","[{'title': 'Camden Market, Borough Market and Covent Garden Market Private Tour', 'price': '$197.64', 'url': 'https://www.tripadvisor.com/Commerce?url=https%3A%2F%2Fwww.viator.com%2Ftours%2FLondon%2FLondon-Street-Markets-Tour%2Fd737-8607P38%3Feap%3Dmobile-app-11383%26aid%3Dtripenandr&partnerKey=1&urlKey=97fe6a383cb7468a6&logme=true&uidparam=refid&attrc=true&Provider=Viator&area=viator_multi&slot=1&cnt=1&geo=189047&clt=TM&from=api&nt=true'}, {'title': 'Secret Walking Tour of Central London', 'price': '$22.23', 'url': 'https://www.tripadvisor.com/Commerce?url=https%3A%2F%2Fwww.viator.com%2Ftours%2FLondon%2FSecret-London-Walking-Tour%2Fd737-9086P2%3Feap%3Dmobile-app-11383%26aid%3Dtripenandr&partnerKey=1&urlKey=6731e90edcc542ce0&logme=true&uidparam=refid&attrc=true&Provider=Viator&area=viator_multi&slot=2&cnt=1&geo=189047&clt=TM&from=api&nt=true'}, {'title': 'Original Harry Potter Locations Tour - London', 'price': '$24.70', 'url': 'https://www.tripadvisor.com/Commerce?url=https%3A%2F%2Fwww.viator.com%2Ftours%2FLondon%2FHarry-Potter-Walking-Tour-with-Games-and-Prizes%2Fd737-49063P1%3Feap%3Dmobile-app-11383%26aid%3Dtripenandr&partnerKey=1&urlKey=f91750176f9dbca72&logme=true&uidparam=refid&attrc=true&Provider=Viator&area=viator_multi&slot=3&cnt=1&geo=189047&clt=TM&from=api&nt=true'}, {'title': 'London Big Bus Hop-On Hop-Off Tour with River Cruise', 'price': '$50.03', 'url': 'https://www.tripadvisor.com/Commerce?url=https%3A%2F%2Fwww.viator.com%2Ftours%2FLondon%2FBig-Bus-London-Hop-On-Hop-Off-Tour%2Fd737-6506LONHOHO%3Feap%3Dmobile-app-11383%26aid%3Dtripenandr&partnerKey=1&urlKey=4a443e4657bb7b8c9&logme=true&uidparam=refid&attrc=true&Provider=Viator&area=viator_multi&slot=4&cnt=1&geo=189047&clt=TM&from=api&nt=true'}, {'title': 'The Ultimate Cheese Crawl', 'price': '$43.23', 'url': 'https://www.tripadvisor.com/Commerce?url=https%3A%2F%2Fwww.viator.com%2Ftours%2FLondon%2FThe-Cheese-Crawl%2Fd737-49063P11%3Feap%3Dmobile-app-11383%26aid%3Dtripenandr&partnerKey=1&urlKey=6d76ea55e220cec85&logme=true&uidparam=refid&attrc=true&Provider=Viator&area=viator_multi&slot=5&cnt=1&geo=189047&clt=TM&from=api&nt=true'}]",
Houses of Parliament,51.49951,-0.124787,16780,"Most of this iconic building was built in the mid-19th century following a devastating fire in 1834. Westminster Hall survived the fire and dates from 1097. All visits are currently suspended. For the latest updates and online content, please go to the website and sign-up to the e-newsletter.",https://media-cdn.tripadvisor.com/media/photo-l/05/da/75/5e/houses-of-parliament.jpg,https://media-cdn.tripadvisor.com/media/photo-t/05/da/75/5e/houses-of-parliament.jpg,https://media-cdn.tripadvisor.com/media/photo-o/05/da/75/5e/houses-of-parliament.jpg,https://media-cdn.tripadvisor.com/media/photo-o/05/da/75/5e/houses-of-parliament.jpg,https://media-cdn.tripadvisor.com/media/photo-s/05/da/75/5e/houses-of-parliament.jpg,"[[{'open_time': 0, 'close_time': 1439}], [{'open_time': 0, 'close_time': 1439}], [{'open_time': 0, 'close_time': 1439}], [{'open_time': 0, 'close_time': 1439}], [{'open_time': 0, 'close_time': 1439}], [{'open_time': 0, 'close_time': 1439}], [{'open_time': 0, 'close_time': 1439}]]",http://www.parliament.uk/visit,+44 20 7219 4114,visitparliament@parliament.uk,"Parliament Square, London SW1A 0AA England","[{'title': 'London: Houses of Parliament and Westminster Abbey Tour', 'price': '$60.53', 'url': 'https://www.tripadvisor.com/Commerce?url=https%3A%2F%2Fwww.viator.com%2Ftours%2FLondon%2FInside-the-Houses-of-Parliament-and-Westminster-Abbey-Tour-in-London%2Fd737-185211PARLON%3Feap%3Dmobile-app-11383%26aid%3Dtripenandr&partnerKey=1&urlKey=9b2acc8d7245e6914&logme=true&uidparam=refid&attrc=true&Provider=Viator&area=viator_multi&slot=1&cnt=1&geo=211708&clt=TM&from=api&nt=true'}, {'title': 'Westminster and Buckingham private walking tour', 'price': '$46.94', 'url': 'https://www.tripadvisor.com/Commerce?url=https%3A%2F%2Fwww.viator.com%2Ftours%2FLondon%2FWestminster-and-Buckingham%2Fd737-69458P3%3Feap%3Dmobile-app-11383%26aid%3Dtripenandr&partnerKey=1&urlKey=57fa2dbc769631379&logme=true&uidparam=refid&attrc=true&Provider=Viator&area=viator_multi&slot=2&cnt=1&geo=211708&clt=TM&from=api&nt=true'}, {'title': 'Skip the Line into Houses of Parliament & Westminster Abbey Fully-Guided Tour', 'price': '$159.36', 'url': 'https://www.tripadvisor.com/Commerce?url=https%3A%2F%2Fwww.viator.com%2Ftours%2FLondon%2FHouses-of-Parliament-and-Westminster-Abbey-Tour%2Fd737-62043P4%3Feap%3Dmobile-app-11383%26aid%3Dtripenandr&partnerKey=1&urlKey=0cfa43e60d305470e&logme=true&uidparam=refid&attrc=true&Provider=Viator&area=viator_multi&slot=3&cnt=1&geo=211708&clt=TM&from=api&nt=true'}, {'title': 'London in One Day with Tower of London and London Eye Upgrade', 'price': '$142.05', 'url': 'https://www.tripadvisor.com/Commerce?url=https%3A%2F%2Fwww.viator.com%2Ftours%2FLondon%2FLondon-in-One-Day-Sightseeing-Tour%2Fd737-3858EE004%3Feap%3Dmobile-app-11383%26aid%3Dtripenandr&partnerKey=1&urlKey=eed48425eeab78bc9&logme=true&uidparam=refid&attrc=true&Provider=Viator&area=viator_multi&slot=4&cnt=1&geo=211708&clt=TM&from=api&nt=true'}, {'title': 'London Ghost Tour by Vintage Routemaster Bus with Guide', 'price': '$34.59', 'url': 'https://www.tripadvisor.com/Commerce?url=https%3A%2F%2Fwww.viator.com%2Ftours%2FLondon%2FLondon-Ghost-Tour-by-Vintage-Bus%2Fd737-6743LON%3Feap%3Dmobile-app-11383%26aid%3Dtripenandr&partnerKey=1&urlKey=0139ddd60c25fe373&logme=true&uidparam=refid&attrc=true&Provider=Viator&area=viator_multi&slot=5&cnt=1&geo=211708&clt=TM&from=api&nt=true'}]",
Camden Market,51.541428,-0.145533,29134,We're driven by the belief that you can only keep discovering if you keep looking ... so we're always adding interesting stores and traders. No two days are ever the same at Camden Market. Keep checking back to see what's new and what's next.,https://media-cdn.tripadvisor.com/media/photo-l/1c/e9/7f/f2/west-yard-food-market.jpg,https://media-cdn.tripadvisor.com/media/photo-t/1c/e9/7f/f2/west-yard-food-market.jpg,https://media-cdn.tripadvisor.com/media/photo-m/1280/1c/e9/7f/f2/west-yard-food-market.jpg,https://media-cdn.tripadvisor.com/media/photo-w/1c/e9/7f/f2/west-yard-food-market.jpg,https://media-cdn.tripadvisor.com/media/photo-s/1c/e9/7f/f2/west-yard-food-market.jpg,"[[{'open_time': 600, 'close_time': 1140}], [{'open_time': 600, 'close_time': 1350}], [{'open_time': 600, 'close_time': 1350}], [{'open_time': 600, 'close_time': 1350}], [{'open_time': 600, 'close_time': 1350}], [{'open_time': 600, 'close_time': 1350}], [{'open_time': 600, 'close_time': 1350}]]",http://www.camdenmarket.com/,+44 20 3763 9900,info@camdenmarket.com,"32 Camden Lock Place, London NW1 8AF England","[{'title': 'Camden Market, Borough Market and Covent Garden Market Private Tour', 'price': '$197.64', 'url': 'https://www.tripadvisor.com/Commerce?url=https%3A%2F%2Fwww.viator.com%2Ftours%2FLondon%2FLondon-Street-Markets-Tour%2Fd737-8607P38%3Feap%3Dmobile-app-11383%26aid%3Dtripenandr&partnerKey=1&urlKey=97fe6a383cb7468a6&logme=true&uidparam=refid&attrc=true&Provider=Viator&area=viator_multi&slot=1&cnt=1&geo=187577&clt=TM&from=api&nt=true'}, {'title': 'London Private Music Tour with a Local Guide Tailored to Your Interests ', 'price': '$150.70', 'url': 'https://www.tripadvisor.com/Commerce?url=https%3A%2F%2Fwww.viator.com%2Ftours%2FLondon%2FPrivate-Tour-Camden-Eclectic-Culture-and-Markets-Tour-Lead-by-a-Local%2Fd737-30791P8%3Feap%3Dmobile-app-11383%26aid%3Dtripenandr&partnerKey=1&urlKey=42121b47d60093ae9&logme=true&uidparam=refid&attrc=true&Provider=Viator&area=viator_multi&slot=2&cnt=1&geo=187577&clt=TM&from=api&nt=true'}, {'title': 'Camden Pub Crawl in London', 'price': '$30.88', 'url': 'https://www.tripadvisor.com/Commerce?url=https%3A%2F%2Fwww.viator.com%2Ftours%2FLondon%2FCamden-Pub-Crawl%2Fd737-9075P4%3Feap%3Dmobile-app-11383%26aid%3Dtripenandr&partnerKey=1&urlKey=6b3b224cb5e9a6156&logme=true&uidparam=refid&attrc=true&Provider=Viator&area=viator_multi&slot=3&cnt=1&geo=187577&clt=TM&from=api&nt=true'}, {'title': 'London Rock Music Tour', 'price': '$76.58', 'url': 'https://www.tripadvisor.com/Commerce?url=https%3A%2F%2Fwww.viator.com%2Ftours%2FLondon%2FLondon-Rock-Music-Tour%2Fd737-5081ROCKMUSIC%3Feap%3Dmobile-app-11383%26aid%3Dtripenandr&partnerKey=1&urlKey=5edc8d72d0ccd2fbc&logme=true&uidparam=refid&attrc=true&Provider=Viator&area=viator_multi&slot=4&cnt=1&geo=187577&clt=TM&from=api&nt=true'}, {'title': 'London Private Layover Tour with a Local Guide: Tailored to Your Interests', 'price': '$370.57', 'url': 'https://www.tripadvisor.com/Commerce?url=https%3A%2F%2Fwww.viator.com%2Ftours%2FLondon%2FLayover-Experience-with-a-Local-Host-in-London%2Fd737-30791P330%3Feap%3Dmobile-app-11383%26aid%3Dtripenandr&partnerKey=1&urlKey=a77dac9244a8b9bd6&logme=true&uidparam=refid&attrc=true&Provider=Viator&area=viator_multi&slot=5&cnt=1&geo=187577&clt=TM&from=api&nt=true'}]",
Chelsea FC Stadium Tour & Museum,51.48062,-0.18869,3404,"Chelsea Football Club also offers an established and acclaimed Stadium Tour and Museum attraction, offering an information and exciting insight into Chelsea and Stamford Bridge, alongside an interactive and immersive museum experience.",https://media-cdn.tripadvisor.com/media/photo-l/11/5a/84/b9/view-of-the-bridge-from.jpg,https://media-cdn.tripadvisor.com/media/photo-t/11/5a/84/b9/view-of-the-bridge-from.jpg,https://media-cdn.tripadvisor.com/media/photo-o/11/5a/84/b9/view-of-the-bridge-from.jpg,https://media-cdn.tripadvisor.com/media/photo-w/11/5a/84/b9/view-of-the-bridge-from.jpg,https://media-cdn.tripadvisor.com/media/photo-s/11/5a/84/b9/view-of-the-bridge-from.jpg,"[[{'open_time': 570, 'close_time': 1020}], [{'open_time': 570, 'close_time': 1020}], [{'open_time': 570, 'close_time': 1020}], [{'open_time': 570, 'close_time': 1020}], [{'open_time': 570, 'close_time': 1020}], [{'open_time': 570, 'close_time': 1020}], [{'open_time': 570, 'close_time': 1020}]]",http://www.chelseafc.com/the-club/stadium-tours-and-museum.html,+44 371 855 1955,tours@chelseafc.com,"Stamford Bridge Fulham Road Stamford Bridge Stadium, London SW6 1HS England","[{'title': 'The London Pass®: Unlimited access to 85+ top attractions', 'price': '$103.76', 'url': 'https://www.tripadvisor.com/Commerce?url=https%3A%2F%2Fwww.viator.com%2Ftours%2FLondon%2FLondon-Pass%2Fd737-3138LONDON%3Feap%3Dmobile-app-11383%26aid%3Dtripenandr&partnerKey=1&urlKey=fd6d987ffedf5426b&logme=true&uidparam=refid&attrc=true&Provider=Viator&area=viator_multi&slot=1&cnt=1&geo=548817&clt=TM&from=api&nt=true'}, {'title': 'London Explorer Pass: Discounts at Top Attractions', 'price': '$63.00', 'url': 'https://www.tripadvisor.com/Commerce?url=https%3A%2F%2Fwww.viator.com%2Ftours%2FLondon%2FLondon-Explorer-Pass-Up-to-35-Off-Attractions%2Fd737-54670LONDEXP%3Feap%3Dmobile-app-11383%26aid%3Dtripenandr&partnerKey=1&urlKey=e8b5538f18b6c45fc&logme=true&uidparam=refid&attrc=true&Provider=Viator&area=viator_multi&slot=2&cnt=1&geo=548817&clt=TM&from=api&nt=true'}, {'title': 'Chelsea FC Stadium Tours and Museum ', 'price': '$34.59', 'url': 'https://www.tripadvisor.com/Commerce?url=https%3A%2F%2Fwww.viator.com%2Ftours%2FLondon%2FChelsea-FC-Stadium-Tours-and-Museum%2Fd737-76711P1%3Feap%3Dmobile-app-11383%26aid%3Dtripenandr&partnerKey=1&urlKey=c0961a2c116e22041&logme=true&uidparam=refid&attrc=true&Provider=Viator&area=viator_multi&slot=3&cnt=1&geo=548817&clt=TM&from=api&nt=true'}]","<span class=""highlight"">In high demand</span> - travelers recommend booking ahead!"
The View from The Shard,51.5045,-0.0865,19307,"Located 800ft above the ground, The View from The Shard is the highest viewing platform in London and is the only place to see the entire city all at once. The viewing galleries on Level 69 and the open-air Skydeck on Level 72 provide spectacular 360° views of London and beyond. In fact, on a clear day, visitors can see for 40 miles. Friendly and knowledgeable guest ambassadors are on hand to answer questions about this iconic building and the breath-taking views. Fall in love with the iconic skyline and spot famous sites including The Houses of Parliament, The Tower of London, Buckingham Palace, the Olympic Park and Wembley Stadium. Ideal for London’s culture seekers as well as those on their first trip to the capital.",https://media-cdn.tripadvisor.com/media/photo-l/1a/bf/d0/7e/ask-our-lovely-guest.jpg,https://media-cdn.tripadvisor.com/media/photo-t/1a/bf/d0/7e/ask-our-lovely-guest.jpg,https://media-cdn.tripadvisor.com/media/photo-m/1280/1a/bf/d0/7e/ask-our-lovely-guest.jpg,https://media-cdn.tripadvisor.com/media/photo-w/1a/bf/d0/7e/ask-our-lovely-guest.jpg,https://media-cdn.tripadvisor.com/media/photo-s/1a/bf/d0/7e/ask-our-lovely-guest.jpg,"[[{'open_time': 660, 'close_time': 1140}], [], [], [{'open_time': 660, 'close_time': 1140}], [{'open_time': 660, 'close_time': 1140}], [{'open_time': 660, 'close_time': 1140}], [{'open_time': 660, 'close_time': 1140}]]",http://www.theviewfromtheshard.com/,+44 844 499 7111,enquiries@theviewfromtheshard.com,"Joiner Street, London SE1 9QU England","[{'title': 'The London Pass®: Unlimited access to 85+ top attractions', 'price': '$103.76', 'url': 'https://www.tripadvisor.com/Commerce?url=https%3A%2F%2Fwww.viator.com%2Ftours%2FLondon%2FLondon-Pass%2Fd737-3138LONDON%3Feap%3Dmobile-app-11383%26aid%3Dtripenandr&partnerKey=1&urlKey=fd6d987ffedf5426b&logme=true&uidparam=refid&attrc=true&Provider=Viator&area=viator_multi&slot=1&cnt=1&geo=3539289&clt=TM&from=api&nt=true'}, {'title': 'IFS Cloud Cable Car and Uber Boat by Thames Clippers Hop On Hop Off Pass', 'price': '$45.09', 'url': 'https://www.tripadvisor.com/Commerce?url=https%3A%2F%2Fwww.viator.com%2Ftours%2FLondon%2FEmirates-Airline-Cable-Car-and-Thames-River-Cruise%2Fd737-5021P3%3Feap%3Dmobile-app-11383%26aid%3Dtripenandr&partnerKey=1&urlKey=2e333d66dd99df8c1&logme=true&uidparam=refid&attrc=true&Provider=Viator&area=viator_multi&slot=2&cnt=1&geo=3539289&clt=TM&from=api&nt=true'}, {'title': 'London Thames River Sightseeing Cruise with 2-Course Lunch', 'price': '$46.46', 'url': 'https://www.tripadvisor.com/Commerce?url=https%3A%2F%2Fwww.viator.com%2Ftours%2FLondon%2FThames-Lunch-Cruise-with-2-Course-Meal%2Fd737-3542LUNCHCRU%3Feap%3Dmobile-app-11383%26aid%3Dtripenandr&partnerKey=1&urlKey=e003b9c85228758a2&logme=true&uidparam=refid&attrc=true&Provider=Viator&area=viator_multi&slot=3&cnt=1&geo=3539289&clt=TM&from=api&nt=true'}, {'title': 'London in a Day Private Custom Guided Sightseeing Tour', 'price': '$237.50', 'url': 'https://www.tripadvisor.com/Commerce?url=https%3A%2F%2Fwww.viator.com%2Ftours%2FLondon%2FPrivate-Custom-Tour-London-in-a-Day%2Fd737-6732DAYINLONDON%3Feap%3Dmobile-app-11383%26aid%3Dtripenandr&partnerKey=1&urlKey=547defdd219597ddd&logme=true&uidparam=refid&attrc=true&Provider=Viator&area=viator_multi&slot=4&cnt=1&geo=3539289&clt=TM&from=api&nt=true'}, {'title': 'London Big Bus Hop-On Hop-Off Tour with River Cruise', 'price': '$50.03', 'url': 'https://www.tripadvisor.com/Commerce?url=https%3A%2F%2Fwww.viator.com%2Ftours%2FLondon%2FBig-Bus-London-Hop-On-Hop-Off-Tour%2Fd737-6506LONHOHO%3Feap%3Dmobile-app-11383%26aid%3Dtripenandr&partnerKey=1&urlKey=4a443e4657bb7b8c9&logme=true&uidparam=refid&attrc=true&Provider=Viator&area=viator_multi&slot=5&cnt=1&geo=3539289&clt=TM&from=api&nt=true'}]",
Sky Garden,51.51117,-0.083555,16940,"Perched at the top of a skyscraper, Sky Garden is a three-story glass dome that offers incredible views of the city. Escape from the hustle and bustle of the city at its landscaped gardens, observation decks and open-air terrace. Have a luxurious seafood meal at Fenchurch, or simply kick back and relax with a cocktail at the Sky Pod Bar. 

The Sky Garden is free to enter; all you have to do is to reserve a time slot on their website. You can also visit on a London Skyline tour, a full-day customised tour, or even hire a chauffeur for a sightseeing trip. 

– Tripadvisor",https://media-cdn.tripadvisor.com/media/photo-l/07/4a/1e/7f/sunset-at-sky-garden.jpg,https://media-cdn.tripadvisor.com/media/photo-t/07/4a/1e/7f/sunset-at-sky-garden.jpg,https://media-cdn.tripadvisor.com/media/photo-o/07/4a/1e/7f/sunset-at-sky-garden.jpg,https://media-cdn.tripadvisor.com/media/photo-w/07/4a/1e/7f/sunset-at-sky-garden.jpg,https://media-cdn.tripadvisor.com/media/photo-s/07/4a/1e/7f/sunset-at-sky-garden.jpg,"[[{'open_time': 480, 'close_time': 1380}], [{'open_time': 600, 'close_time': 1380}], [{'open_time': 480, 'close_time': 1380}], [{'open_time': 480, 'close_time': 1380}], [{'open_time': 480, 'close_time': 1440}], [{'open_time': 480, 'close_time': 1440}], [{'open_time': 480, 'close_time': 1440}]]",http://skygarden.london,+44 20 7337 2344,skygarden@20fenchurchstreet.co.uk,"20 Fenchurch Street 1 Sky Garden Walk, London EC3M 8AF England","[{'title': 'Full Day London Pick & Mix Customized Tour', 'price': '$926.42', 'url': 'https://www.tripadvisor.com/Commerce?url=https%3A%2F%2Fwww.viator.com%2Ftours%2FLondon%2FFull-Day-London-Pick-and-Mix-Customized-Tour%2Fd737-195542P8%3Feap%3Dmobile-app-11383%26aid%3Dtripenandr&partnerKey=1&urlKey=e5cc12913c4eba5ec&logme=true&uidparam=refid&attrc=true&Provider=Viator&area=viator_multi&slot=1&cnt=1&geo=7398968&clt=TM&from=api&nt=true'}, {'title': 'Ultimate London Walking Tour: City of London and Westminster', 'price': '$18.53', 'url': 'https://www.tripadvisor.com/Commerce?url=https%3A%2F%2Fwww.viator.com%2Ftours%2FLondon%2FLondon-Top-30-Sights-Small-Group-Walking-Tour%2Fd737-271934P1%3Feap%3Dmobile-app-11383%26aid%3Dtripenandr&partnerKey=1&urlKey=fc21bf6ce1593a638&logme=true&uidparam=refid&attrc=true&Provider=Viator&area=viator_multi&slot=2&cnt=1&geo=7398968&clt=TM&from=api&nt=true'}, {'title': 'London Self-Guided Audio Walking Tour', 'price': '$5.00', 'url': 'https://www.tripadvisor.com/Commerce?url=https%3A%2F%2Fwww.viator.com%2Ftours%2FLondon%2FTour-to-Poondi-Madha-Basilica-from-Tiruchirappalli%2Fd737-18568P71%3Feap%3Dmobile-app-11383%26aid%3Dtripenandr&partnerKey=1&urlKey=32216180a193cb327&logme=true&uidparam=refid&attrc=true&Provider=Viator&area=viator_multi&slot=3&cnt=1&geo=7398968&clt=TM&from=api&nt=true'}, {'title': 'Private Self-Guided Walking Tour in London City', 'price': '$8.49', 'url': 'https://www.tripadvisor.com/Commerce?url=https%3A%2F%2Fwww.viator.com%2Ftours%2FLondon%2FLondon-City-Self-Guided-Walking-Tour%2Fd737-417475P9%3Feap%3Dmobile-app-11383%26aid%3Dtripenandr&partnerKey=1&urlKey=dc18d90c47f672f04&logme=true&uidparam=refid&attrc=true&Provider=Viator&area=viator_multi&slot=4&cnt=1&geo=7398968&clt=TM&from=api&nt=true'}, {'title': 'London History and Highlights Private Walking Tour ', 'price': '$241.73', 'url': 'https://www.tripadvisor.com/Commerce?url=https%3A%2F%2Fwww.viator.com%2Ftours%2FLondon%2FLondon-History-and-Highlights-Private-Walking-Tour%2Fd737-332498P4%3Feap%3Dmobile-app-11383%26aid%3Dtripenandr&partnerKey=1&urlKey=999ac1e822cb69b95&logme=true&uidparam=refid&attrc=true&Provider=Viator&area=viator_multi&slot=5&cnt=1&geo=7398968&clt=TM&from=api&nt=true'}]","<span class=""highlight"">In high demand</span> - travelers recommend booking ahead!"
Regent's Park,51.52832,-0.15068,6442,"Originally a royal hunting ground, this scenic park is a popular recreation area offering an artificial lake, tennis courts, cricket ground, children's playgrounds and the London Zoo, which lies on the north side of the park.",https://media-cdn.tripadvisor.com/media/photo-l/09/d1/de/0a/regent-s-park.jpg,https://media-cdn.tripadvisor.com/media/photo-t/09/d1/de/0a/regent-s-park.jpg,https://media-cdn.tripadvisor.com/media/photo-o/09/d1/de/0a/regent-s-park.jpg,https://media-cdn.tripadvisor.com/media/photo-s/09/d1/de/0a/regent-s-park.jpg,https://media-cdn.tripadvisor.com/media/photo-f/09/d1/de/0a/regent-s-park.jpg,"[[{'open_time': 300, 'close_time': 1290}], [{'open_time': 300, 'close_time': 1290}], [{'open_time': 300, 'close_time': 1290}], [{'open_time': 300, 'close_time': 1290}], [{'open_time': 300, 'close_time': 1290}], [{'open_time': 300, 'close_time': 1290}], [{'open_time': 300, 'close_time': 1290}]]",https://www.royalparks.org.uk/parks/the-regents-park,+44 300 061 2300,regents@royalparks.gsi.gov.uk,"Chester Road Regent's Park, London NW1 4NR England","[{'title': ""Private Tour: Regent's Park Photography Tour"", 'price': '$228.52', 'url': 'https://www.tripadvisor.com/Commerce?url=https%3A%2F%2Fwww.viator.com%2Ftours%2FLondon%2FPrivate-Tour-Regents-Park-Photography-Tour%2Fd737-8620P13%3Feap%3Dmobile-app-11383%26aid%3Dtripenandr&partnerKey=1&urlKey=18b0352b7d976652c&logme=true&uidparam=refid&attrc=true&Provider=Viator&area=viator_multi&slot=1&cnt=1&geo=187675&clt=TM&from=api&nt=true'}, {'title': 'London Hop-On Hop-Off Bus Pass with Walking Tour, River Cruise', 'price': '$45.70', 'url': 'https://www.tripadvisor.com/Commerce?url=https%3A%2F%2Fwww.viator.com%2Ftours%2FLondon%2FLondon-City-Tour-Hop-on-Hop-off%2Fd737-23622P1%3Feap%3Dmobile-app-11383%26aid%3Dtripenandr&partnerKey=1&urlKey=658c1dce782da2c21&logme=true&uidparam=refid&attrc=true&Provider=Viator&area=viator_multi&slot=2&cnt=1&geo=187675&clt=TM&from=api&nt=true'}, {'title': 'Tower of London with London Hop-On Hop-Off Tour and River Cruise', 'price': '$90.17', 'url': 'https://www.tripadvisor.com/Commerce?url=https%3A%2F%2Fwww.viator.com%2Ftours%2FLondon%2FBig-Bus-London-Hop-On-Hop-Off-Tour-and-Tower-of-London%2Fd737-6506P1%3Feap%3Dmobile-app-11383%26aid%3Dtripenandr&partnerKey=1&urlKey=5e5696295935ca2b0&logme=true&uidparam=refid&attrc=true&Provider=Viator&area=viator_multi&slot=3&cnt=1&geo=187675&clt=TM&from=api&nt=true'}, {'title': 'London Canals Private Walking Tour', 'price': '$197.64', 'url': 'https://www.tripadvisor.com/Commerce?url=https%3A%2F%2Fwww.viator.com%2Ftours%2FLondon%2FLondon-Canals-Private-Walking-Tour%2Fd737-8607P62%3Feap%3Dmobile-app-11383%26aid%3Dtripenandr&partnerKey=1&urlKey=4d0ab27229c6af2ac&logme=true&uidparam=refid&attrc=true&Provider=Viator&area=viator_multi&slot=4&cnt=1&geo=187675&clt=TM&from=api&nt=true'}, {'title': 'Full Day London Pick & Mix Customized Tour', 'price': '$926.42', 'url': 'https://www.tripadvisor.com/Commerce?url=https%3A%2F%2Fwww.viator.com%2Ftours%2FLondon%2FFull-Day-London-Pick-and-Mix-Customized-Tour%2Fd737-195542P8%3Feap%3Dmobile-app-11383%26aid%3Dtripenandr&partnerKey=1&urlKey=e5cc12913c4eba5ec&logme=true&uidparam=refid&attrc=true&Provider=Viator&area=viator_multi&slot=5&cnt=1&geo=187675&clt=TM&from=api&nt=true'}]",
Emirates Stadium Tour and Museum,51.556484,-0.106175,2636,"Journey into Emirates Stadium and go on an all access behind-the-scenes tour. You’ll have the opportunity to walk in the footsteps of your heroes, listen to their matchday experiences and explore never before seen footage. Tours available in 10 languages.",https://media-cdn.tripadvisor.com/media/photo-l/23/3f/33/2b/home-dressing-room.jpg,https://media-cdn.tripadvisor.com/media/photo-t/23/3f/33/2b/home-dressing-room.jpg,https://media-cdn.tripadvisor.com/media/photo-m/1280/23/3f/33/2b/home-dressing-room.jpg,https://media-cdn.tripadvisor.com/media/photo-w/23/3f/33/2b/home-dressing-room.jpg,https://media-cdn.tripadvisor.com/media/photo-s/23/3f/33/2b/home-dressing-room.jpg,"[[{'open_time': 600, 'close_time': 900}], [{'open_time': 600, 'close_time': 960}], [{'open_time': 600, 'close_time': 960}], [{'open_time': 600, 'close_time': 960}], [{'open_time': 600, 'close_time': 960}], [{'open_time': 600, 'close_time': 960}], [{'open_time': 570, 'close_time': 1020}]]",http://www.arsenal.com/tours,+44 20 7619 5000,,"75 Drayton Park Emirates Stadium, London N5 1BU England","[{'title': 'London Explorer Pass: Discounts at Top Attractions', 'price': '$63.00', 'url': 'https://www.tripadvisor.com/Commerce?url=https%3A%2F%2Fwww.viator.com%2Ftours%2FLondon%2FLondon-Explorer-Pass-Up-to-35-Off-Attractions%2Fd737-54670LONDEXP%3Feap%3Dmobile-app-11383%26aid%3Dtripenandr&partnerKey=1&urlKey=e8b5538f18b6c45fc&logme=true&uidparam=refid&attrc=true&Provider=Viator&area=viator_multi&slot=1&cnt=1&geo=1775127&clt=TM&from=api&nt=true'}]",
,,,,,,,,,,,,,,,[],
Buckingham Palace,51.501366,-0.14189,29759,"Buckingham Palace is recognised around the world as the focus of national and royal celebrations as well as the backdrop to the regular Changing the Guard ceremony. Explore the magnificent State Rooms which are open to visitors for 10 weeks each summer and on selected dates during winter and spring. During a visit to Buckingham Palace, visitors can see the 19 magnificent State Rooms, which provide the setting for ceremonial occasions and official entertaining. All rooms are furnished with many of the greatest treasures from the Royal Collection.",https://media-cdn.tripadvisor.com/media/photo-l/05/d6/a1/6b/buckingham-palace.jpg,https://media-cdn.tripadvisor.com/media/photo-t/05/d6/a1/6b/buckingham-palace.jpg,https://media-cdn.tripadvisor.com/media/photo-o/05/d6/a1/6b/buckingham-palace.jpg,https://media-cdn.tripadvisor.com/media/photo-o/05/d6/a1/6b/buckingham-palace.jpg,https://media-cdn.tripadvisor.com/media/photo-s/05/d6/a1/6b/buckingham-palace.jpg,"[[{'open_time': 660, 'close_time': 1020}], [{'open_time': 660, 'close_time': 1020}], [], [], [{'open_time': 660, 'close_time': 1020}], [{'open_time': 660, 'close_time': 1020}], [{'open_time': 660, 'close_time': 1020}]]",http://www.rct.uk/visit/the-state-rooms-buckingham-palace,+44 303 123 7300,bookinginfo@rct.uk,"Spur Road, London SW1A 1AA England","[{'title': 'Changing of the Guard Walking Tour Experience', 'price': '$17.29', 'url': 'https://www.tripadvisor.com/Commerce?url=https%3A%2F%2Fwww.viator.com%2Ftours%2FLondon%2FChanging-of-the-Guard-Walking-Tour%2Fd737-6295P26%3Feap%3Dmobile-app-11383%26aid%3Dtripenandr&partnerKey=1&urlKey=5276d8129d951d147&logme=true&uidparam=refid&attrc=true&Provider=Viator&area=viator_multi&slot=1&cnt=1&geo=187549&clt=TM&from=api&nt=true'}, {'title': 'Westminster and Buckingham private walking tour', 'price': '$46.94', 'url': 'https://www.tripadvisor.com/Commerce?url=https%3A%2F%2Fwww.viator.com%2Ftours%2FLondon%2FWestminster-and-Buckingham%2Fd737-69458P3%3Feap%3Dmobile-app-11383%26aid%3Dtripenandr&partnerKey=1&urlKey=57fa2dbc769631379&logme=true&uidparam=refid&attrc=true&Provider=Viator&area=viator_multi&slot=2&cnt=1&geo=187549&clt=TM&from=api&nt=true'}, {'title': 'Best of London in half a Day Walking Tour', 'price': '$77.26', 'url': 'https://www.tripadvisor.com/Commerce?url=https%3A%2F%2Fwww.viator.com%2Ftours%2FLondon%2FBest-of-London-in-1-Day-London-Eye-Buckingham-Palace-Trafalgar-Square%2Fd737-6839P76%3Feap%3Dmobile-app-11383%26aid%3Dtripenandr&partnerKey=1&urlKey=ac8e8fb1dd0df6e8a&logme=true&uidparam=refid&attrc=true&Provider=Viator&area=viator_multi&slot=3&cnt=1&geo=187549&clt=TM&from=api&nt=true'}, {'title': 'London Big Bus Hop-On Hop-Off Tour with River Cruise', 'price': '$50.03', 'url': 'https://www.tripadvisor.com/Commerce?url=https%3A%2F%2Fwww.viator.com%2Ftours%2FLondon%2FBig-Bus-London-Hop-On-Hop-Off-Tour%2Fd737-6506LONHOHO%3Feap%3Dmobile-app-11383%26aid%3Dtripenandr&partnerKey=1&urlKey=4a443e4657bb7b8c9&logme=true&uidparam=refid&attrc=true&Provider=Viator&area=viator_multi&slot=4&cnt=1&geo=187549&clt=TM&from=api&nt=true'}, {'title': 'See Over 30 Top London Sights! Fun Local Guide. Private Tour', 'price': '$296.45', 'url': 'https://www.tripadvisor.com/Commerce?url=https%3A%2F%2Fwww.viator.com%2Ftours%2FLondon%2FPrivate-Tour-See-over-30-top-London-Sights-Fun-Local-Guide-Kids-go-free%2Fd737-75760P36%3Feap%3Dmobile-app-11383%26aid%3Dtripenandr&partnerKey=1&urlKey=34f3c097303988c39&logme=true&uidparam=refid&attrc=true&Provider=Viator&area=viator_multi&slot=5&cnt=1&geo=187549&clt=TM&from=api&nt=true'}]",
Wallace Collection,51.516403,-0.153557,6609,"A free to visit, national museum in the heart of central London. Originally a private collection, the artwork was bequeathed to the nation by Lady Wallace in 1897. This attraction features one of the world's best collections of French 18th-century pictures, porcelain and furniture, plus a fantastic array of 17th-century paintings.",https://media-cdn.tripadvisor.com/media/photo-l/10/51/55/a9/wallace-collection.jpg,https://media-cdn.tripadvisor.com/media/photo-t/10/51/55/a9/wallace-collection.jpg,https://media-cdn.tripadvisor.com/media/photo-o/10/51/55/a9/wallace-collection.jpg,https://media-cdn.tripadvisor.com/media/photo-w/10/51/55/a9/wallace-collection.jpg,https://media-cdn.tripadvisor.com/media/photo-s/10/51/55/a9/wallace-collection.jpg,"[[{'open_time': 600, 'close_time': 1020}], [{'open_time': 600, 'close_time': 1020}], [{'open_time': 600, 'close_time': 1020}], [{'open_time': 600, 'close_time': 1020}], [{'open_time': 600, 'close_time': 1020}], [{'open_time': 600, 'close_time': 1020}], [{'open_time': 600, 'close_time': 1020}]]",http://www.wallacecollection.org,+44 20 7563 9500,feedback@wallacecollection.org,"Hertford House Manchester Square Manchester Square, London W1U 3BN England","[{'title': 'Private Guided Tour of The Wallace Collection - 3 hour', 'price': '$234.69', 'url': 'https://www.tripadvisor.com/Commerce?url=https%3A%2F%2Fwww.viator.com%2Ftours%2FLondon%2FPrivate-Guided-Tour-of-The-Wallace-Collection%2Fd737-119567P5%3Feap%3Dmobile-app-11383%26aid%3Dtripenandr&partnerKey=1&urlKey=c6f85939b062bba1d&logme=true&uidparam=refid&attrc=true&Provider=Viator&area=viator_multi&slot=1&cnt=1&geo=187558&clt=TM&from=api&nt=true'}, {'title': 'Art in London Tour', 'price': '$277.93', 'url': 'https://www.tripadvisor.com/Commerce?url=https%3A%2F%2Fwww.viator.com%2Ftours%2FLondon%2FArt-in-London-Tour%2Fd737-13106P11%3Feap%3Dmobile-app-11383%26aid%3Dtripenandr&partnerKey=1&urlKey=71ebbd2607e7b6428&logme=true&uidparam=refid&attrc=true&Provider=Viator&area=viator_multi&slot=2&cnt=1&geo=187558&clt=TM&from=api&nt=true'}, {'title': 'Sherlock Holmes Puzzle Game Audio Walking Tour', 'price': '$9.07', 'url': 'https://www.tripadvisor.com/Commerce?url=https%3A%2F%2Fwww.viator.com%2Ftours%2FLondon%2FLondon-The-Sherlock-Holmes-walking-tour-where-YOU-solve-the-case%2Fd737-101073P2%3Feap%3Dmobile-app-11383%26aid%3Dtripenandr&partnerKey=1&urlKey=6759e0facb82e69f9&logme=true&uidparam=refid&attrc=true&Provider=Viator&area=viator_multi&slot=3&cnt=1&geo=187558&clt=TM&from=api&nt=true'}, {'title': 'Wallace Collection and National Gallery Private Art Tour ', 'price': '$241.73', 'url': 'https://www.tripadvisor.com/Commerce?url=https%3A%2F%2Fwww.viator.com%2Ftours%2FLondon%2FWallace-Collection-and-National-Gallery-Private-Art-Tour%2Fd737-332498P16%3Feap%3Dmobile-app-11383%26aid%3Dtripenandr&partnerKey=1&urlKey=69b26f78c4c283ed2&logme=true&uidparam=refid&attrc=true&Provider=Viator&area=viator_multi&slot=4&cnt=1&geo=187558&clt=TM&from=api&nt=true'}, {'title': 'London Art Museums Private Day Tour with Wallace Collection', 'price': '$607.50', 'url': 'https://www.tripadvisor.com/Commerce?url=https%3A%2F%2Fwww.viator.com%2Ftours%2FLondon%2FArt-Museums-of-London-Feat-Wallace-Collection-Art-Tour%2Fd737-195542P32%3Feap%3Dmobile-app-11383%26aid%3Dtripenandr&partnerKey=1&urlKey=89d7b6733ae29904e&logme=true&uidparam=refid&attrc=true&Provider=Viator&area=viator_multi&slot=5&cnt=1&geo=187558&clt=TM&from=api&nt=true'}]",
Greenwich,51.47779,-0.014738,5951,"Set on the south bank of the Thames, approximately five miles from central London, this city borough is rich in maritime history and features the Old Royal Naval College, National Maritime Museum and the Royal Observatory, which was built by Sir Christopher Wren for King Charles II.",https://media-cdn.tripadvisor.com/media/photo-l/04/c6/3c/26/greenwich.jpg,https://media-cdn.tripadvisor.com/media/photo-t/04/c6/3c/26/greenwich.jpg,https://media-cdn.tripadvisor.com/media/photo-o/04/c6/3c/26/greenwich.jpg,https://media-cdn.tripadvisor.com/media/photo-w/04/c6/3c/26/greenwich.jpg,https://media-cdn.tripadvisor.com/media/photo-s/04/c6/3c/26/greenwich.jpg,,http://www.visitgreenwich.org.uk/,+44 870 608 2000,info@visitgreenwich.org.uk,London SE10 England,"[{'title': 'Greenwich Food Tour in London', 'price': '$154.40', 'url': 'https://www.tripadvisor.com/Commerce?url=https%3A%2F%2Fwww.viator.com%2Ftours%2FLondon%2FGreenwich-Food-Tour%2Fd737-13106P8%3Feap%3Dmobile-app-11383%26aid%3Dtripenandr&partnerKey=1&urlKey=ab11e2b997bc35fd2&logme=true&uidparam=refid&attrc=true&Provider=Viator&area=viator_multi&slot=1&cnt=1&geo=187601&clt=TM&from=api&nt=true'}, {'title': 'Thames High-Speed Zone RIB Cruise in London', 'price': '$67.88', 'url': 'https://www.tripadvisor.com/Commerce?url=https%3A%2F%2Fwww.viator.com%2Ftours%2FLondon%2FThames-High-Speed-Zone-RIB-Cruise-in-London%2Fd737-6918BTB%3Feap%3Dmobile-app-11383%26aid%3Dtripenandr&partnerKey=1&urlKey=025b3d2d59fb037dc&logme=true&uidparam=refid&attrc=true&Provider=Viator&area=viator_multi&slot=2&cnt=1&geo=187601&clt=TM&from=api&nt=true'}, {'title': ""Speedboat 'Thames Barrier Experience' to/from Embankment Pier - 70 minutes"", 'price': '$75.35', 'url': 'https://www.tripadvisor.com/Commerce?url=https%3A%2F%2Fwww.viator.com%2Ftours%2FLondon%2FRiver-Thames-High-Speed-Cruise%2Fd737-5182SPEED%3Feap%3Dmobile-app-11383%26aid%3Dtripenandr&partnerKey=1&urlKey=cbaad0bc1a9c7369a&logme=true&uidparam=refid&attrc=true&Provider=Viator&area=viator_multi&slot=3&cnt=1&geo=187601&clt=TM&from=api&nt=true'}, {'title': 'London Private Layover Tour with a Local Guide: Tailored to Your Interests', 'price': '$370.57', 'url': 'https://www.tripadvisor.com/Commerce?url=https%3A%2F%2Fwww.viator.com%2Ftours%2FLondon%2FLayover-Experience-with-a-Local-Host-in-London%2Fd737-30791P330%3Feap%3Dmobile-app-11383%26aid%3Dtripenandr&partnerKey=1&urlKey=a77dac9244a8b9bd6&logme=true&uidparam=refid&attrc=true&Provider=Viator&area=viator_multi&slot=4&cnt=1&geo=187601&clt=TM&from=api&nt=true'}, {'title': 'Canterbury, Greenwich, Leeds Castle Early Access from London', 'price': '$149.46', 'url': 'https://www.tripadvisor.com/Commerce?url=https%3A%2F%2Fwww.viator.com%2Ftours%2FLondon%2FLeeds-Castle-Private-Viewing-Canterbury-and-Greenwich-Day-Trip-from-London%2Fd737-2452T7%3Feap%3Dmobile-app-11383%26aid%3Dtripenandr&partnerKey=1&urlKey=37283c599292e79a4&logme=true&uidparam=refid&attrc=true&Provider=Viator&area=viator_multi&slot=5&cnt=1&geo=187601&clt=TM&from=api&nt=true'}]",
Charing Cross Collectors Market,51.507458,-0.12284,5,"Like Platform 9 ¾, Charing Cross Market is hidden away from the crowds but rewards those who want to be surprised, delighted and intrigued by all they find.  Coins, stamps, postcards, militaria.... an Aladdin's cave of collectable treasures which only materialises on Saturdays.",https://media-cdn.tripadvisor.com/media/photo-l/15/f7/91/7a/hard-to-find-impossible.jpg,https://media-cdn.tripadvisor.com/media/photo-t/15/f7/91/7a/hard-to-find-impossible.jpg,https://media-cdn.tripadvisor.com/media/photo-o/15/f7/91/7a/hard-to-find-impossible.jpg,https://media-cdn.tripadvisor.com/media/photo-s/15/f7/91/7a/hard-to-find-impossible.jpg,https://media-cdn.tripadvisor.com/media/photo-f/15/f7/91/7a/hard-to-find-impossible.jpg,,http://www.charingcrossmarket.com/,+44 7540 144433,bridget@charingcrossmarket.com,"1 Villiers Street Tucked away between a Costa and a Starbucks opposite the Embankment Station, WC2N 6NN England",[],
Imperial War Museum London,51.495914,-0.108748,10755,"Founded during the First World War, IWM London gives voice to the extraordinary experiences of ordinary people forced to live in a world torn apart by conflict. From the wonder of its world-famous atrium to the countless discoveries on each of its six floors, it is a place filled with the power to move, surprise and inspire.",https://media-cdn.tripadvisor.com/media/photo-l/29/6b/52/58/ciwm.jpg,https://media-cdn.tripadvisor.com/media/photo-t/29/6b/52/58/ciwm.jpg,https://media-cdn.tripadvisor.com/media/photo-m/1280/29/6b/52/58/ciwm.jpg,https://media-cdn.tripadvisor.com/media/photo-s/29/6b/52/58/ciwm.jpg,https://media-cdn.tripadvisor.com/media/photo-f/29/6b/52/58/ciwm.jpg,"[[{'open_time': 600, 'close_time': 1080}], [{'open_time': 600, 'close_time': 1080}], [{'open_time': 600, 'close_time': 1080}], [{'open_time': 600, 'close_time': 1080}], [{'open_time': 600, 'close_time': 1080}], [{'open_time': 600, 'close_time': 1080}], [{'open_time': 600, 'close_time': 1080}]]",http://www.iwm.org.uk/visits/iwm-london,+44 20 7416 5000,contact@iwm.org.uk,"Lambeth Road, London SE1 6HZ England","[{'title': 'Full Day London Pick & Mix Customized Tour', 'price': '$926.42', 'url': 'https://www.tripadvisor.com/Commerce?url=https%3A%2F%2Fwww.viator.com%2Ftours%2FLondon%2FFull-Day-London-Pick-and-Mix-Customized-Tour%2Fd737-195542P8%3Feap%3Dmobile-app-11383%26aid%3Dtripenandr&partnerKey=1&urlKey=e5cc12913c4eba5ec&logme=true&uidparam=refid&attrc=true&Provider=Viator&area=viator_multi&slot=1&cnt=1&geo=187674&clt=TM&from=api&nt=true'}, {'title': 'London WWII & Churchill Private Walking Tour & Museums', 'price': '$261.99', 'url': 'https://www.tripadvisor.com/Commerce?url=https%3A%2F%2Fwww.viator.com%2Ftours%2FLondon%2FLondon-WWII-Private-Walking-Tour-with-Guide%2Fd737-332498P24%3Feap%3Dmobile-app-11383%26aid%3Dtripenandr&partnerKey=1&urlKey=74a5e57cb7dd75bb9&logme=true&uidparam=refid&attrc=true&Provider=Viator&area=viator_multi&slot=2&cnt=1&geo=187674&clt=TM&from=api&nt=true'}, {'title': 'London Self-Guided Audio Walking Tour', 'price': '$5.00', 'url': 'https://www.tripadvisor.com/Commerce?url=https%3A%2F%2Fwww.viator.com%2Ftours%2FLondon%2FTour-to-Poondi-Madha-Basilica-from-Tiruchirappalli%2Fd737-18568P71%3Feap%3Dmobile-app-11383%26aid%3Dtripenandr&partnerKey=1&urlKey=32216180a193cb327&logme=true&uidparam=refid&attrc=true&Provider=Viator&area=viator_multi&slot=3&cnt=1&geo=187674&clt=TM&from=api&nt=true'}, {'title': 'London WWII Walking Tour and Imperial War Museum Visit', 'price': '$48.17', 'url': 'https://www.tripadvisor.com/Commerce?url=https%3A%2F%2Fwww.viator.com%2Ftours%2FLondon%2FLondon-WWII-Churchill-Blitz-Walk-and-Imperial-War-Museum%2Fd737-8606P15%3Feap%3Dmobile-app-11383%26aid%3Dtripenandr&partnerKey=1&urlKey=55222e975ce6bcf5c&logme=true&uidparam=refid&attrc=true&Provider=Viator&area=viator_multi&slot=4&cnt=1&geo=187674&clt=TM&from=api&nt=true'}, {'title': 'Private Jewish History Tour in London ', 'price': '$261.99', 'url': 'https://www.tripadvisor.com/Commerce?url=https%3A%2F%2Fwww.viator.com%2Ftours%2FLondon%2FPrivate-Jewish-History-Tour-in-London%2Fd737-332498P557%3Feap%3Dmobile-app-11383%26aid%3Dtripenandr&partnerKey=1&urlKey=d649a1b3114a14272&logme=true&uidparam=refid&attrc=true&Provider=Viator&area=viator_multi&slot=5&cnt=1&geo=187674&clt=TM&from=api&nt=true'}]",
HMS Belfast,51.506577,-0.081377,3952,"Step on board this iconic London landmark. Navigate your way around the rooms of this floating city, climbing up and down ladders to visit all nine decks.

You’ll hear stories from the 950 people who lived and served on the ship, which had its own chapel, radio station and bakery and is so large you can almost lie Big Ben across its deck – twice! 

IWM members go free.",https://media-cdn.tripadvisor.com/media/photo-f/0e/00/09/bc/la-nave.jpg,https://media-cdn.tripadvisor.com/media/photo-t/0e/00/09/bc/la-nave.jpg,https://media-cdn.tripadvisor.com/media/photo-o/0e/00/09/bc/la-nave.jpg,https://media-cdn.tripadvisor.com/media/photo-w/0e/00/09/bc/la-nave.jpg,https://media-cdn.tripadvisor.com/media/photo-s/0e/00/09/bc/la-nave.jpg,"[[{'open_time': 600, 'close_time': 1080}], [{'open_time': 600, 'close_time': 1080}], [{'open_time': 600, 'close_time': 1080}], [{'open_time': 600, 'close_time': 1080}], [{'open_time': 600, 'close_time': 1080}], [{'open_time': 600, 'close_time': 1080}], [{'open_time': 600, 'close_time': 1080}]]",http://www.iwm.org.uk/visits/hms-belfast,+44 20 7416 5000,contact@iwm.org.uk,"The Queen's Walk, London SE1 2JH England","[{'title': 'Medieval London: A Self-Guided Audio Tour from Monument to the Tower of London', 'price': '$6.99', 'url': 'https://www.tripadvisor.com/Commerce?url=https%3A%2F%2Fwww.viator.com%2Ftours%2FLondon%2FThe-Tower-of-London-Explore-its-often-gruesome-history-on-a-walking-audio-tour%2Fd737-110804P198%3Feap%3Dmobile-app-11383%26aid%3Dtripenandr&partnerKey=1&urlKey=181ed50ef9a57a3e9&logme=true&uidparam=refid&attrc=true&Provider=Viator&area=viator_multi&slot=1&cnt=1&geo=187551&clt=TM&from=api&nt=true'}, {'title': 'Westminster to Greenwich Sightseeing Thames Cruise in London', 'price': '$18.40', 'url': 'https://www.tripadvisor.com/Commerce?url=https%3A%2F%2Fwww.viator.com%2Ftours%2FLondon%2FWestminster-to-Greenwich-Sightseeing-Thames-Cruise%2Fd737-37862P1%3Feap%3Dmobile-app-11383%26aid%3Dtripenandr&partnerKey=1&urlKey=5b31e2150da66ff2f&logme=true&uidparam=refid&attrc=true&Provider=Viator&area=viator_multi&slot=2&cnt=1&geo=187551&clt=TM&from=api&nt=true'}, {'title': ""Speedboat 'Thames Barrier Experience' to/from Embankment Pier - 70 minutes"", 'price': '$75.35', 'url': 'https://www.tripadvisor.com/Commerce?url=https%3A%2F%2Fwww.viator.com%2Ftours%2FLondon%2FRiver-Thames-High-Speed-Cruise%2Fd737-5182SPEED%3Feap%3Dmobile-app-11383%26aid%3Dtripenandr&partnerKey=1&urlKey=cbaad0bc1a9c7369a&logme=true&uidparam=refid&attrc=true&Provider=Viator&area=viator_multi&slot=3&cnt=1&geo=187551&clt=TM&from=api&nt=true'}, {'title': 'London Big Bus Hop-On Hop-Off Tour with River Cruise', 'price': '$50.03', 'url': 'https://www.tripadvisor.com/Commerce?url=https%3A%2F%2Fwww.viator.com%2Ftours%2FLondon%2FBig-Bus-London-Hop-On-Hop-Off-Tour%2Fd737-6506LONHOHO%3Feap%3Dmobile-app-11383%26aid%3Dtripenandr&partnerKey=1&urlKey=4a443e4657bb7b8c9&logme=true&uidparam=refid&attrc=true&Provider=Viator&area=viator_multi&slot=4&cnt=1&geo=187551&clt=TM&from=api&nt=true'}, {'title': 'Thames River Cruise and London Eye Standard Ticket', 'price': '$74.11', 'url': 'https://www.tripadvisor.com/Commerce?url=https%3A%2F%2Fwww.viator.com%2Ftours%2FLondon%2FLondon-Eye-River-Cruise-Experience%2Fd737-2988LONDONEYE%3Feap%3Dmobile-app-11383%26aid%3Dtripenandr&partnerKey=1&urlKey=80109c12121627072&logme=true&uidparam=refid&attrc=true&Provider=Viator&area=viator_multi&slot=5&cnt=1&geo=187551&clt=TM&from=api&nt=true'}]",
Highgate Cemetery,51.56693,-0.14707,2285,"Beautiful Victorian cemetery near to Hampstead Heath. Highgate Cemetery has some of the finest funerary architecture in the country. It is a place of peaceful contemplation where trees, memorials and wildlife flourish.",https://media-cdn.tripadvisor.com/media/photo-f/0b/17/03/c6/highgate-cemetery.jpg,https://media-cdn.tripadvisor.com/media/photo-t/0b/17/03/c6/highgate-cemetery.jpg,https://media-cdn.tripadvisor.com/media/photo-o/0b/17/03/c6/highgate-cemetery.jpg,https://media-cdn.tripadvisor.com/media/photo-w/0b/17/03/c6/highgate-cemetery.jpg,https://media-cdn.tripadvisor.com/media/photo-s/0b/17/03/c6/highgate-cemetery.jpg,,https://highgatecemetery.org/,+44 20 8340 1834,,"Swains Lane Highgate, London N6 6PJ England","[{'title': ""George Michael's London: Private Guided Black Cab Tour"", 'price': '$122.29', 'url': 'https://www.tripadvisor.com/Commerce?url=https%3A%2F%2Fwww.viator.com%2Ftours%2FLondon%2FGeorge-Michael-Tour-of-London-by-Mini-Coach%2Fd737-212148P7%3Feap%3Dmobile-app-11383%26aid%3Dtripenandr&partnerKey=1&urlKey=046c9f77c39c2214a&logme=true&uidparam=refid&attrc=true&Provider=Viator&area=viator_multi&slot=1&cnt=1&geo=194290&clt=TM&from=api&nt=true'}]",
Shakespeare's Globe Theatre,51.50754,-0.096249,9022,"Founded by the pioneering American actor and director Sam Wanamaker, Shakespeare's Globe is a unique international resource dedicated to the exploration of Shakespeare's work and the playhouse for which he wrote, through the connected means of performance and education.Together, the Globe Theatre Company, Shakespeare's Globe Exhibition and Globe Education seek to further the experience and international understanding of Shakespeare in performance.",https://media-cdn.tripadvisor.com/media/photo-l/10/18/55/25/shakespeare-s-globe-theatre.jpg,https://media-cdn.tripadvisor.com/media/photo-t/10/18/55/25/shakespeare-s-globe-theatre.jpg,https://media-cdn.tripadvisor.com/media/photo-o/10/18/55/25/shakespeare-s-globe-theatre.jpg,https://media-cdn.tripadvisor.com/media/photo-s/10/18/55/25/shakespeare-s-globe-theatre.jpg,https://media-cdn.tripadvisor.com/media/photo-f/10/18/55/25/shakespeare-s-globe-theatre.jpg,"[[{'open_time': 600, 'close_time': 1050}], [{'open_time': 600, 'close_time': 1050}], [{'open_time': 600, 'close_time': 1050}], [{'open_time': 600, 'close_time': 1050}], [{'open_time': 600, 'close_time': 1050}], [{'open_time': 600, 'close_time': 1050}], [{'open_time': 600, 'close_time': 1050}]]",http://www.shakespearesglobe.com,+44 20 7902 1400,info@shakespearesglobe.com,"21 New Globe Walk, London SE1 9DT England","[{'title': 'Shakespeare Walking Tour in London', 'price': '$179.11', 'url': 'https://www.tripadvisor.com/Commerce?url=https%3A%2F%2Fwww.viator.com%2Ftours%2FLondon%2FShakespeare-in-London-Tour%2Fd737-13106P5%3Feap%3Dmobile-app-11383%26aid%3Dtripenandr&partnerKey=1&urlKey=ba123501301df913c&logme=true&uidparam=refid&attrc=true&Provider=Viator&area=viator_multi&slot=1&cnt=1&geo=187726&clt=TM&from=api&nt=true'}, {'title': 'London Thames River 1-Day Hop-On Hop-Off Sightseeing Cruise', 'price': '$28.41', 'url': 'https://www.tripadvisor.com/Commerce?url=https%3A%2F%2Fwww.viator.com%2Ftours%2FLondon%2FThames-Hop-On-Hop-Off-River-Cruise%2Fd737-3542RRR%3Feap%3Dmobile-app-11383%26aid%3Dtripenandr&partnerKey=1&urlKey=5048c8054e7ecaf7a&logme=true&uidparam=refid&attrc=true&Provider=Viator&area=viator_multi&slot=2&cnt=1&geo=187726&clt=TM&from=api&nt=true'}, {'title': 'Westminster to Greenwich Sightseeing Thames Cruise in London', 'price': '$18.40', 'url': 'https://www.tripadvisor.com/Commerce?url=https%3A%2F%2Fwww.viator.com%2Ftours%2FLondon%2FWestminster-to-Greenwich-Sightseeing-Thames-Cruise%2Fd737-37862P1%3Feap%3Dmobile-app-11383%26aid%3Dtripenandr&partnerKey=1&urlKey=5b31e2150da66ff2f&logme=true&uidparam=refid&attrc=true&Provider=Viator&area=viator_multi&slot=3&cnt=1&geo=187726&clt=TM&from=api&nt=true'}, {'title': 'Thames River Cruise and London Eye Standard Ticket', 'price': '$74.11', 'url': 'https://www.tripadvisor.com/Commerce?url=https%3A%2F%2Fwww.viator.com%2Ftours%2FLondon%2FLondon-Eye-River-Cruise-Experience%2Fd737-2988LONDONEYE%3Feap%3Dmobile-app-11383%26aid%3Dtripenandr&partnerKey=1&urlKey=80109c12121627072&logme=true&uidparam=refid&attrc=true&Provider=Viator&area=viator_multi&slot=4&cnt=1&geo=187726&clt=TM&from=api&nt=true'}, {'title': 'Tower of London, Changing of the Guard Tour and Thames Cruise', 'price': '$148.23', 'url': 'https://www.tripadvisor.com/Commerce?url=https%3A%2F%2Fwww.viator.com%2Ftours%2FLondon%2FLondon-Full-Day-Sightseeing-Tour%2Fd737-2452L02%3Feap%3Dmobile-app-11383%26aid%3Dtripenandr&partnerKey=1&urlKey=5b85ae68b3af8403e&logme=true&uidparam=refid&attrc=true&Provider=Viator&area=viator_multi&slot=5&cnt=1&geo=187726&clt=TM&from=api&nt=true'}]",
